"Sample","SNP1","SNP2","SNP3","SNP4","SNP5","SNP6","SNP7","SNP8","SNP9","SNP10","SNP11","SNP12","SNP13","SNP14","SNP15","SNP16","SNP17","SNP18","SNP19","SNP20","SNP21","SNP22","SNP23","SNP24"
"Sample_107_ZHO5553A19_2012",0,0,0.73260785075787,1,0.868887749871861,0.133574723476018,0.260765191297824,1,0.186329460013671,0.806040714257805,1,0.833680603787563,0.364131531168045,0.882575076425103,0.0304738050511375,0.209611913357401,0.747326732673267,0.753568030447193,0.830925785133634,0.351467611336032,0.664400194269063,0.858577543628581,1,1
"Sample_1147_ZHO5553A15_2007",0.347241509910365,0,0.912243316543975,0.522333115183246,0.578741152679474,0.463894840465574,0.947256857855362,1,0.528657435279952,0.335158583416299,0.9166369281279,0.485633091253552,0.261674586269048,0.892003136025088,0.313144908030507,0.584784927124067,0.529778220782457,0.116863147104049,1,0.91972405142678,0.481019522776573,0.613492621222769,0.617080567166626,1
"Sample_126_ZHO5553A9_2007",0.109481988687109,0,0.708922537855087,0.918808474029466,1,0.878571839245674,0.822750879544312,1,0.770224481152054,0.434711402266289,1,0.415643995871086,0.478530970217431,1,1,1,0.155987394957983,0.924778761061947,1,0.100832729905865,0.143487858719647,1,1,1
"Sample_1349_ZHO5553A10_2007",0.28924794359577,0,0.776980365605958,0.559067796610169,0.871726096560429,0.821299377803502,0.14043256233103,1,0.608277541083384,0.207355847727077,0.623775498444163,0.516300227445034,0.686376404494382,0.781070195627158,0.370434003137372,0.768586387434555,0.360225140712946,0.477272727272727,0.735888976547371,0.825257804774686,0.728395061728395,0.684646194926569,0.959624680125107,1
"Sample_146022_ZHO5553A3_2001",0.0250599259097843,0,0.968082609716029,0.929628355127323,0.929932243921881,0.257502420135528,0.0381264848964815,1,0.761035249285487,0.792556037814377,0.791004755641,0.247001394700139,0.24642210889949,0.781923279033106,0.116074313408724,0.185501066098081,0.928493647912886,0.178427419354839,0.175520529285853,0.875755743651753,0.185526514579242,0.265886732252061,0.972270214236351,1
"Sample_165_ZHO5553A40_2012",0,0,0.545223577235772,1,1,0.497488119484046,0,0.568210526315789,1,0,1,1,0.544640528557768,1,0.467921724052514,1,0.557043650793651,0.569736842105263,0,0,1,0,1,1
"Sample_1996_1094_ZHO5906A30_1996",0.317018909899889,0,0.640689183021451,1,0.868587950009327,0.408073099708806,0.186424918642492,1,0.547567061759201,0.429937235440082,0.923978819969743,0.191869684301571,0.793344155844156,0.635098499909633,0.509121061359867,0.503196164602477,0.678718757583111,0.422317596566524,0.583752891549871,0.282903663500678,0.552795031055901,0.58982956132998,1,1
"Sample_1996_1099_ZHO5906A31_1996",0.295694557270512,0,0.703990470518166,1,0.715736040609137,0.74792243767313,0,1,0.409818569903949,0.204073319755601,0.882075471698113,0,0.417344173441734,1,0.466466841513676,NA,0.686206896551724,NA,0.695906432748538,0.757455268389662,0.554658385093168,NA,0.875619992369325,1
"Sample_1996_1111_ZHO5920A51_1996",0.883036084612194,0,0.177940968789719,0.389678615574784,0.710994409622226,0.941764300482426,0.6028817564992,0.909378292939937,0.100521221146687,0.556712328767123,1,0.337365453613532,0.103480217017335,0.695921528136293,0.0756676557863502,NA,0.640592334494773,0.567567567567568,0.591445067902741,1,0.150754310344828,0.363359052574915,0.988921977367481,1
"Sample_1996_1117_ZHO5920A52_1996",0.130262851826006,0,0.937363537117904,0.732819614711033,0.805191516302627,0.92130169843122,0.561640410102526,0.935526124290496,0.668453018935334,0.183635480738103,0.621086126431905,0.447895024603609,0.843120704208368,0.83147337194519,0.697747000877792,1,0.686572501340962,0.593832267769838,0.573773448773449,0.492446393762183,0.724590163934426,0.19941348973607,0.988141823787501,1
"Sample_1996_140_ZHO5906A4_1996",0.106212424849699,0,0.914139731200711,0.709586276488396,0.769927889300331,0.780205655526992,0.352220520673813,0.729439959636731,0.265641981058842,0.269213748340463,0.851671850699845,0.762125748502994,0.660103141115799,0.561474579704274,0.596367374914325,0.613957801993972,0.795691609977324,0.545109211775878,0.799900199600798,0.792966360856269,0.805231964030247,0.438904109589041,1,1
"Sample_1996_164_ZHO5906A5_1996",0.426472792684755,0,0.799814833864829,0.808116144831205,0.934089681253377,0.508145707486729,0.436986597492434,0.861033907726515,0.151253918495298,0.320048463206224,0.693655519926706,0.431183960986183,0.683135704874835,0.744219653179191,0.745641838351823,0.811784263021795,0.648018648018648,0.561020036429873,0.817684478371501,0.727162734422263,0.557255845942228,0.772287581699346,0.973625429553265,1
"Sample_1996_175_ZHO5906A6_1996",0.156036265309369,0,0.475919439579685,0.918449442311209,0.847956950018242,0.390330301579703,0.555542658154382,0.858099526613555,0.0126457546395139,0.220776538620405,0.64295351404391,0.667379831693054,0.3604069667184,0.654446588317839,0.804699343102577,0.439580391365745,0.436829268292683,0.703640256959315,0.9396083385976,0.784282018111255,0.460424862313139,0.722481827622015,1,1
"Sample_1996_19_001C07_ZHO6153A20_1996",0.411775450560156,0,0.719286204529856,0.820415326118748,0.830340596843249,0.73952039862971,0.326526032315978,0.722558889649106,0.442812172088143,0.420638506136586,0.454898220921438,0.568682553956835,0.581567872173479,0.732633005760759,0.525129918337045,0.733121244255921,0.748803827751196,0.798128004047559,0.793591210803387,0.509090909090909,0.506180625630676,0.276469243082552,0.912605042016807,1
"Sample_1996_19_041B06_ZHO6153A22_1996",0.130555424916522,0,0.405151064883606,0.644111008944245,0.441444520391889,0.641485958051902,0.647770663220349,0.89653855942988,0.891509433962264,0.31687113348013,0.791576861142078,0.538692917692097,0.866535468288756,0.782276546982429,0.555276381909548,0.665257037134928,0.922147529069767,0.0581488396905842,0.328354483045559,0.886357243319269,0.664428002276608,0.211817517486168,0.9584601339014,1
"Sample_1996_22_ZHO5906A2_1996",1,0,1,1,1,0.729993577392421,0,1,0.256190161769561,0.242739142019718,1,0.243674005915215,0.272710656187169,0.745098039215686,0.792261430331135,1,1,0,0,0,1,0.282299221058286,1,1
"Sample_1996_253_ZHO5906A7_1996",0.166463095445821,0,0.643091905051735,0.82436882546652,0.851914978945258,0.63905325443787,0.45810775973189,0.826507915739893,0.462218370883882,0.443385826771654,0.732942393928941,0.491619175326852,0.487122060470325,0.571725571725572,0.720907560046087,0.808697562047002,0.787770700636943,0.620706819313091,0.651822398939695,0.688186813186813,0.669364772127398,0.674015285126396,0.926714431934493,1
"Sample_1996_326_ZHO5906A8_1996",0.115185601799775,0,0.80005652112477,0.906315673045017,0.911805643426547,0.688714285714286,0.749140420849952,0.206858753523332,0.220686250308566,0.85446232974569,0.907651006711409,0.129489942528736,0.951826855946009,0.839905192846369,0.985807409852298,0.795571095571096,0.717634709587124,0.72439585730725,0.245922208281054,0.196729435084242,0.0472922848664688,0.173856773080242,1,1
"Sample_1996_340_ZHO5906A9_1996",0.0495607709453258,0,0.704334093700649,0.180439121756487,0.893761035903473,0.879585492227979,0.887736582836401,0.33687159074156,0.248209574067094,0.0573032393872062,0.956470515284926,0.526976395653803,0.362916730095905,0.894461859979101,0.48327785702964,0.63365539452496,0.385959801922517,0.792694965449161,0.295064826432455,0.0596786534047437,0.844628099173554,0.149546279491833,1,1
"Sample_1996_350_ZHO5920A40_1996",0.860923282410886,0,0.134802550620875,1,0.994887525562372,0.962342660979923,0.122203098106713,0.976208459214502,0.0377935750922343,0.0185531325718242,0.854561288917919,0.136447536561125,0.130288005063825,1,0.681729645500584,NA,0.887529874876986,0.798629414865577,0.859026732602308,0.926925722145805,0.90329162132753,0.796868266053728,1,1
"Sample_1996_38_19A15_ZHO6152A45_1996",0.0951132550335571,0,0.422560113154173,0.762530905821533,0.933722527472527,0.169239565465981,0.73253164556962,0.835373948960024,0.171476698483998,0.158865799184308,0.360134872260407,0.872392870686386,0.832010425305059,0.904463586530932,0.121165977811616,0.418681318681319,0.951102752607283,0.532554847841472,0.864877589453861,0.868640350877193,0.708499221048987,0.31786264771365,1,1
"Sample_1996_392_ZHO5920A41_1996",0.0499380002254537,0,0.66782720825274,0.891435464414958,0.93783958007183,0.843349168646081,0.626322751322751,0.881265281173594,0.126709010657767,0.575678496868476,0.436814250677682,0.239303574736062,0.175402446877012,0.465372633596933,0.744127304874968,0.873766233766234,0.807114228456914,0.553331032102175,0.694516356789833,0.760402684563758,0.579801777170198,0.691447255205644,0.472426692409798,1
"Sample_1996_403_ZHO5906A10_1996",0.201567189063021,0,0.371095627102355,0.94676399026764,0.467187936330634,0.402052141137054,0.567990226023213,0.959567344836467,0.121338912133891,0.420553882318372,0.887343272409706,0.207121754004043,0.480546202768425,0.465483619344774,0.666923027622893,0.86873309756605,0.786578947368421,0.700780174391923,0.743136721935309,0.593861527480371,0.274448497481327,0.771386430678466,0.646036234160645,1
"Sample_1996_42_020B06_ZHO6153A17_1996",0.195639390238386,0,1,1,0.288025551075973,0.759001612229056,0,0.94180992539734,0.792568659127625,0,0.766422519029154,0.25630656653187,0.235950710062441,0.64021164021164,0.2037606087211,0.902762276785714,0.297003167384066,0.214965539875287,0.275258474021725,1,0.772938944463608,0.370913190529876,1,1
"Sample_1996_459_ZHO5906A11_1996",0.255226209048362,0,0.370103452284087,0.913812360387193,0.858394833948339,0.272330722712402,0.487751900567153,0.772163120567376,0.387023248746391,0.216225651050758,0.739920087177624,0.412693638141074,0.423959068454481,0.40499720305799,0.893060718711276,0.802965671338615,0.5287491199249,0.30348886086591,0.784942274625399,0.462812711291413,0.295960287572749,0.651754620948299,0.824242424242424,1
"Sample_1996_47_048C06_ZHO6153A16_1996",0.0382646465691091,0,0.817806041335453,0.967661364532667,1,0.0981856990394877,0.847036974506162,1,0.0567902789145627,0.973648875461564,0.12607054056543,0.844428594071961,0.153193186349912,0.167666528754655,0.816190221747262,0.891021247429746,0.962701980318309,1,0.832289112866612,0.113026587349763,0.118126101922593,0.052588996763754,1,1
"Sample_1996_47_049A06_ZHO6152A47_1996",0.219899579874987,0,0.792799792799793,0.834358922626854,0.924817229796483,0.572186959030583,0.237010436539109,1,0.718193446816885,0.307828894269572,0.66024562059722,0.63517230221647,0.901736508266611,0.406994207251663,0.806540222367561,0.878224748578924,0.777609473974112,0.748838480459142,0.784606379865379,0.548658390068082,0.57242511284366,0.702321347291762,0.950389006769728,1
"Sample_1996_470_ZHO5906A12_1996",0.424227562530652,0,0.303173851255329,0.898662766402006,0.92469262295082,0.321043363416245,0.304466727438469,0.959921156373193,0.159708078750849,0.232034566403881,0.793175253576946,0.519652115738418,0.162171753016324,0.647631996374349,0.921709606550829,0.949822485207101,0.390621039290241,0.452346395742622,0.282240042066518,0.343073221038157,0.544069640914037,0.507046145344018,0.939024390243902,1
"Sample_1996_501_ZHO5920A32_1996",0.189259075087021,0,0.776988984088127,0.625382262996942,0.792690815006468,0.838556933483653,0.223360655737705,0.717754777070064,0.398962696987832,0.1538008683494,0.751073268460217,0.368099296035569,0.247168554297135,0.720567035079289,0.819641348230213,NA,0.799024836202956,0.409532215357458,0.530518736704304,0.871016405808033,0.411351351351351,0.473445595854922,0.736575052854123,1
"Sample_1996_501_ZHO6678A16_1996",0.194036645043815,0,0.771652059183866,0.622854914196568,0.780367231638418,0.840288672732978,0.215244561024533,0.706251224769743,0.399179907739621,0.160493827160494,0.736441194393662,0.362711080268332,0.255021834061135,0.722672064777328,0.817743272782091,0.768741633199465,0.808042028692665,0.416405023547881,0.534101453758119,0.875383828045036,0.412847555129434,0.466174883051457,0.740416452063866,1
"Sample_1996_52_010B03_ZHO6153A14_1996",0.082442491744557,0,0.463628106679878,0.926142959809829,0.666648131672598,0.650139082058414,0.245680877619392,0.951408346851497,0.298744146445296,0.124977043158861,0.970675912124943,0.159163162752538,0.380496271535099,0.764218162974479,0.913962715364966,1,0.882319078947368,0.441699604743083,0.48303702154361,0.555207244862417,0.485334476843911,0.666251556662516,1,1
"Sample_1996_534_ZHO5906A13_1996",0.0950864422202002,0,0.681906726251862,0.846774193548387,0.749340884679231,0.896911608093717,0.45552035096271,0.838214239229468,0.456747942227054,0.181342756183746,0.610602135591079,0.525823061320019,0.494415243101183,0.530657523194837,0.320405727923628,0.925942449252733,0.420938104448743,0.372462488967343,0.709578849475223,0.587433510638298,0.369752327419638,0.425143168802836,0.890196078431372,1
"Sample_1996_535_ZHO5920A42_1996",0.0265631832094447,0,0.34208249206807,0.943202146690519,0.929788753954485,0.365549881678914,0.162347758486655,1,0.352141547092459,0.0830862977602108,0.91244003837544,0.0749854679325712,0.315816789931231,0.696611505122143,0.377583784868553,1,0.796138072453862,0.82742214532872,0.596988998262884,0.791608063759963,0.266135792120704,0.842684466895183,0.964617314930991,0.979901100654012
"Sample_1996_540_ZHO5920A43_1996",0.395503925997634,0,0.0981276479431461,0.690481376606404,0.980240873165224,0.857241697416974,0.564564175624919,0.981531531531531,0.496771548631752,0.162452591656131,0.591688737545718,0.249769755019341,0.502290260366442,0.819530002281542,0.66674567433041,0.766639935846031,0.874253379440428,0.574365563764857,0.760648767813558,0.624532041400573,0.471034482758621,0.466184387617766,0.943667157584683,1
"Sample_1996_554_ZHO5906A14_1996",0.0671782249891414,0,0.943115075048945,0.971799462846911,0.978182173955582,0.422788020680909,0.134390463337832,0.88268156424581,0.408103527961793,0.472333934267092,0.901867512332629,0.395629345820917,0.446727423363712,0.272098081866719,0.638661077698803,0.690647482014389,0.732015245354931,0.701259445843829,0.802430468554247,0.231442463533225,0.515049504950495,0.488727858293076,1,1
"Sample_1996_565_ZHO5906A15_1996",0.462352585424856,0,0.323906918501513,0.855845840281638,0.82459165154265,0.870496132805131,0.390814948221522,1,0.0629381771829191,0.283098862979379,0.731110243684827,0.285870158210584,0.297161936560935,0.815714556841906,0.293944332998997,0.314371859296482,0.682240762812872,0.205249343832021,0.827163490714893,0.662960609911055,0.952324995803257,0.373204419889503,1,1
"Sample_1996_57_032B_ZHO6153A9_1996",0.648473729806859,0,0.876026113373408,0.979197310359319,0.737314446492675,0.140142772798025,0.618500412672211,0.898646327217756,0.667436385040297,0.721651349591143,0.773624694376528,0.772259294566254,0.87313509094625,0.756411800120409,0.673804511278196,0.907846457804121,0.310091743119266,0.128355957767722,0.847349410777482,0.242132955580289,0.760136230943886,0.382836747361887,1,1
"Sample_1996_57_067C05_ZHO6153A11_1996",0.958815311539536,0,0.42845220030349,0.790446937880023,0.694975571506122,0.863595933926302,0.981700513278286,0.933637697700962,0.873325213154689,0.333718296095589,0.694239024566213,0.322783337212008,0.638940809968847,0.729884293124086,0.962203820611626,1,0.148558758314856,0.924291237113402,1,0.392473752506783,0.86518130187855,0.20478374836173,1,1
"Sample_1996_57_079BO4_ZHO6153A21_1996",0,0,0.0359902614586641,1,0.796974022266629,0.856095439294147,0.931531640224407,1,0.902020092902668,0.950083952303708,0.10052754982415,0.140816135960407,0.917203207952107,0.941206874273162,0,0.0379221522610189,0.100091932888991,0.978079096045198,1,0.108553527649142,0.940961337513062,0,1,1
"Sample_1996_570_ZHO5906A16_1996",0.654563963352562,0,0.391428571428571,0.880568285976169,0.978984414278532,0.875064586132066,0.19938468820258,1,0.0463634754910635,0.0926952141057935,0.786410377041468,0.224719101123595,0.126776157962724,0.88785046728972,0.812463712018579,0.369292843491187,0.812050119968009,0.642751842751843,0.277744982290437,0.772648385977091,0.420322524709554,0.812426383981154,1,1
"Sample_1996_582_ZHO5906A17_1996",0.582122595821226,0,0.712591889969172,1,1,0.650722678589997,0.563911772521924,1,0.264693140794224,0.560539725830762,1,0.0470866141732283,0.829394387001477,1,0,0.849796103307657,0.340718857705564,0.327024981074943,0.690625355963094,0.598999285203717,0.498406259055346,0.359940652818991,1,1
"Sample_1996_61_008B05_ZHO6153A10_1996",0.488548448870165,0,0.427153413477446,0.721989447548107,0.507427164546574,0.7344856118415,0.750184911242604,0.765725086632364,0.609506263817244,0.500515307668991,0.666199649737303,0.437137049941928,0.710645431684828,0.926174496644295,0.549008390541571,0.791293734743694,0.73309689966823,0.62,0.507653361591899,0.914324775938022,0.622081560651655,0.274532586880744,0.857644110275689,1
"Sample_1996_61_022A06_ZHO6153A12_1996",0.141816042006156,0,0.16608525985928,0.884419627415131,0.189519206308827,0.871833008513694,0.181497897488351,1,0.987063242156379,0.912163943068002,1,0.0270896453395117,0.980386052303861,1,0.980423884764262,1,0.0204300355013732,1,0.94780872706531,0.985100146555935,0.935392889938344,0.971513433238828,1,1
"Sample_1996_61_055B03_ZHO6153A13_1996",0,0,1,1,1,0.240553174912349,0,1,0.734697781178271,0,0.631787811297834,0,1,1,0,1,0,1,1,1,1,0,1,1
"Sample_1996_61_099A03_ZHO6152A46_1996",0.811794929074053,0,0.15,0.891129930911522,0.99253014619571,0.980496235032712,0.769693990414158,1,0.0763717805151176,0.0732993496220777,0.985766518673283,0.160016041708442,0.101297016861219,0.878758486905917,0.0518176162118923,1,0.126732342628152,0.132966677450663,0.925457329357724,0.950951847704367,0.901024383205887,0.902711050102951,1,1
"Sample_1996_61_105B03_ZHO6152A44_1996",0.96240234375,0,0,1,0.956714502391786,1,0,1,0.956873008648157,0.025839552238806,0.969636493228795,0,0.982984994640943,1,0.987634329456794,1,0.978655847592168,0,1,1,0.0146156622158066,0,1,1
"Sample_1996_617_ZHO5933A27_1996",0.416998011928429,0,0.901057625778393,0.964115075734472,0.925662226305313,0.844276169265033,0.485062066063539,0.752682225417542,0.835555240391434,0.546842779914173,0.451599878873524,0.148848530237783,0.627385746804413,0.836702954898911,0.449404559373937,1,0.259979914637208,0.599220706930142,0.842017194622353,0.937117325831541,0.131297046902142,0.650207834739892,0.916871820121451,1
"Sample_1996_617_ZHO6678A44_1996",0.395801473654942,0,0.880848748639826,0.969576059850374,0.920838183934808,0.847110943538505,0.491761723700887,0.773487348734873,0.841777560737395,0.537865235539654,0.457549725253463,0.148569760653824,0.630642504118616,0.845247446975648,0.461495023646502,1,0.241625615763547,0.617750882501261,0.849022282855844,0.93692897141173,0.125242248062016,0.638895027624309,0.904062909567497,1
"Sample_1996_642_ZHO5920A44_1996",0.104216553878188,0,1,0.948025395458948,0.931324647122693,0.98483929654336,0.0993171942892613,0.962415911085113,0.0086147143281513,0.0296720458094742,0.12123352165725,0,0.570042860365441,0.534655951783024,0.994608782010357,NA,0.0969129166026724,0.0269277845777234,0.124039266418081,0.974650512581547,0.458788305741458,0.530547136704419,0.633911596958175,1
"Sample_1996_65_020A05_ZHO6152A48_1996",0.0457838307736888,0,0.116610169491525,0.973889636608345,0.939706967429114,0.931489785749875,0.109518599562363,0.96057903580199,0.0871850823249355,0.0718092076526601,0.975376777754192,0.0983477576711251,0.0653781157583439,0.960279931908455,0.0424213857652683,0,0.883837698466549,0.0895846923244183,0.883821758329988,0.126276512175962,0.0541866168398926,0.0981585518102372,0.960830196357717,1
"Sample_1996_65_046H04_ZHO6153A15_1996",0.441549661986479,0,0.0548953409858204,1,0.99348679958236,0.0461422495019652,0.600811907983762,1,0.441275333662877,0,0.440417139783661,1,0.0611573014898722,1,0.0534776131106406,0.627230935640887,1,0.0189697717458359,0.447556162720097,0.0505039439088519,0.0137321852731591,0.0809951945434816,0.61042486013405,1
"Sample_1996_65003_H02_ZHO6153A19_1996",0,0,1,1,1,0,0,1,0,1,1,1,1,1,0,1,1,1,0,1,1,0,1,1
"Sample_1996_666_ZHO5906A18_1996",0.0621087314662273,0,0.538649109973177,0.57900390625,0.465387186097584,0.718827997829626,0.194929854787103,0.946657571623465,0.190008326394671,0.62003046458492,0.653788715018505,0.0847994927880805,0.664881271201571,0.761752988047809,0.593881560482739,0.681433659839715,0.634908339788278,0.601363636363636,0.490225980867877,0.444093936207501,0.495221546481321,0.619021134593993,0.989416292495189,1
"Sample_1996_709_ZHO5906A19_1996",0.556872037914692,0,0.835777126099707,1,0.674908248020089,0.658518068630428,0.551393505497315,0.898222940226171,0.720475785896347,0.388831683168317,0.775539014373717,0.400522508038585,0.747688637041455,0.132950741272119,0.101716403354788,0.788744975435462,0.924635332252836,0.427069645203679,0.544960977265015,0.781948544917756,0.889676910953507,0.35546875,0.974221049426571,1
"Sample_1996_71_062D05_ZHO6153A18_1996",0.484777409860191,0,0.307522123893805,0.730359355638166,1,0.743632707774799,0.45295274417496,0.917461832061069,0,0.207388156673473,0.848289649044869,0.168869171228998,0.611933224498394,0.398499608106595,0.61775931367582,0.568888888888889,0.442222897977801,0.187100522951772,0.498643331976665,0.365536009330353,0.116440422322775,0.636701120978308,1,1
"Sample_1996_73_ZHO5920A39_1996",1,0,1,0,0,1,0,1,1,0,1,0,0,1,0,1,0,1,1,0,0,0,1,1
"Sample_1996_787_ZHO5920A45_1996",0,0,0.696999779395544,1,0.970794293914071,0.286629944917376,0.299923572442406,1,1,0.68473231989425,0.326296466268931,0.293704474505723,0.0297979797979798,1,1,0.298248953178531,0.33751166822243,0,0.708603351955307,1,0.31858407079646,0,1,1
"Sample_1996_797_ZHO5920A46_1996",0.671421911421911,0,1,1,0.0963748179317042,0,0.04854264894985,1,0.325154489276627,0.837584971858782,0.200545857735828,0.945909090909091,0.647741273100616,0.357421875,1,0.342560553633218,0.832728794642857,0.748897464167585,0.244332314689787,0.952559300873908,0.93478885377765,0.170355561902042,1,1
"Sample_1996_807_ZHO5906A20_1996",0.408592798747608,0,0.815052950075643,0.91231732776618,0.910672202895298,0.750791603142958,0.257011362002014,1,0.156363010160152,0.400112866817156,0.823966144479917,0.204747236818264,0.483314998166483,0.311957569913211,0.255520209580838,0.434155299055614,0.228348574502421,0.631303520456708,0.606170863047591,0.843949044585987,0.848479087452471,0.32510885341074,0.597633843212237,1
"Sample_1996_814_ZHO5906A21_1996",0,0,0.908287895310796,0.662301986997528,0.135396518375242,0.992637215528782,0.03149419843713,1,0.904665898617512,0.912606184165817,0.140958288499272,0.648754914809961,0.447990181037128,0.386593029899067,0.225536558748636,1,0.439467034229267,0.649437265527303,0.629825223186219,0.89782345828295,0.5875,0.382678751258812,1,1
"Sample_1996_822_ZHO5920A47_1996",0.305591177224929,0,0.816830211121023,0.949194242834297,0.991188524590164,0.747879833261463,0.204249291784703,1,0.234215123533816,0.491138535770623,0.868367561505572,0.354956415974052,0.0794852384557154,0.185166370332741,0.953868613138686,0.650276403840559,0.732159580445776,0.634938837920489,0.415272455369661,0.6486969851814,0.521714394083065,0.455078915418859,0.821217016693592,1
"Sample_1996_829_ZHO5906A22_1996",0,0,0.754970760233918,0.96905082289618,0.926582278481013,0.880913334174341,0.782580308174458,1,0.572603659560181,0.365170970999856,0.608433734939759,0.469266933658367,0.737087691069992,0.947894577400788,0.678113724026378,0.650642673521851,0.371404399323181,0.850066050198151,0.636666239918064,0.757565095003519,0.686229508196721,0.183830310482631,1,1
"Sample_1996_836_ZHO5906A23_1996",0.322856672700346,0,1,1,0.992586960653868,0,0,1,0,0,1,0.697230769230769,0.68742035317677,0.696347968814116,0.72236235004614,0.315023163467902,1,0,0,0.708418891170431,1,0.69378657007523,0.33346526815753,1
"Sample_1996_841_ZHO5920A48_1996",0,0,0.383444338725024,0.70374290387761,0.836005177735736,0.35806697108067,0.300106546702971,0.915632754342432,0.314745426493277,0.306557945870923,0.652118733695269,0.343582235236701,0.43445558739255,0.825087251077807,0.259730396810328,1,0.794653108085944,0.271471471471471,0.281886185020358,0.401718818862935,0.802538000278901,0.586664210720206,0.941818181818182,1
"Sample_1996_849_ZHO5920A49_1996",0.725952983047673,0,0.241514068780706,0.974621589776126,0.977281478629188,0.255853961578897,0.750918056867065,1,0.0470588235294118,0.0404310989284824,0.939650161179517,0.180040043123364,0.102141102141102,0.233905984519539,0.944062328808814,0.123063302346171,0.802442834824599,0.1690097799511,0.921826572077967,0.95751450495976,0.0336361055918252,0.829896907216495,1,1
"Sample_1996_867_ZHO5906A24_1996",0.278431980167338,0,0.585428008803429,0.94931687968268,0.862341934820602,0.754698020299467,0.52432735426009,0.923180263800684,0.552361396303901,0.499036471343944,1,0.485304076933496,0.439339554917444,0.660491493383743,0.396390201976794,1,0.427375809935205,0.241332426920462,0.700986078886311,0.647311827956989,0.675416364952933,0.453502415458937,0.805411629245826,0.864661654135338
"Sample_1996_898_ZHO5906A25_1996",0.0561975621339243,0,0.900481361244823,0.248189236270285,0.607053364269142,0.106359865692277,0.105907780979827,0.655774229483847,0.0692705725254548,0.396691897953462,0.457084943307785,0.513376932223543,0.467132634381761,0.807274090738658,0.0817215319584988,0.932368107893693,1,0.467980295566502,0.850418827283606,0.873094764744864,0.913441024078025,0.547850208044383,1,1
"Sample_1996_933_ZHO5906A26_1996",0.37037037037037,0,0.82290942784341,0.849204079687351,0.944401913875598,0.84486000835771,0.677404295051354,1,0.477469135802469,0.189396656862042,1,0.432379221565955,0.977061376317421,0.538415605095541,0.150109469074986,0.629105090311987,0.878931885041865,0.836153161175423,0.607052257737189,0.483338725331608,0.483797909407665,0.20671283963772,0.962422546472117,1
"Sample_1996_939_ZHO5906A27_1996",0.202292650033715,0,0.572039072039072,0.933327294138962,0.70036060401172,0.642944618315417,0.118908139100087,0.92735368956743,0.434196577313342,0.0942713898249363,0.877595181004737,0.426182052106787,0.360423522678495,0.851907415345049,0.818531058731606,0.949866310160428,0.734345794392523,0.325804630152456,0.637608821822403,0.678416642588847,0.649732620320856,0.523086858249919,0.949654689220298,1
"Sample_1996_96_ZHO5906A3_1996",0.546879803258531,0,0.772977941176471,0.89243813467416,0.800575539568345,0.345576773187841,0.144992707826932,0.877414467870218,0.365436831177128,0.166737198476513,0.401064375480893,0.554648526077097,0.271376749006737,0.723522640061397,0.648566784869976,0.761750754635619,0.669300766283525,0.702439024390244,0.835286859962986,0.785214785214785,0.623728813559322,0.626531699520511,0.985683677444488,0.942903752039152
"Sample_1996_969_ZHO5906A28_1996",0.122080136402387,0,0.56638217164533,0.835340572556762,0.844893445918778,0.457625260388115,0.245749038103512,0.9272614622057,0.623919806429312,0.246516532349175,0.856494156928214,0.603886168910649,0.290003532320735,0.841632653061224,0.292657881225398,0.434578441835646,0.773770491803279,0.309510720175921,0.847418181818182,0.877510040160643,0.709180098107919,0.562782294489612,0.876088961771036,1
"Sample_1996_990_ZHO5906A29_1996",0.295754328112119,0,0.593085949888995,0.95679860157323,0.767399007795889,0.621600741656366,0.415967106390269,1,0.468222222222222,0.405840886203424,0.937664174580723,0.342310855263158,0.559310184106269,0.570566631689402,0.719554544365944,1,0.390669628689305,0.542725173210162,0.563841318014307,0.828571428571429,0.385145317545748,0.629735234215886,0.916456016177958,1
"Sample_1996_992_ZHO5920A50_1996",0.409275770373846,0,0.188142883860108,0.490080758426966,0.810082471831804,0.266792647311459,0.490903039715997,1,0.516491684474589,0.122728200939351,1,0.0449275362318841,0.784695817490494,0.634184675834971,0.953896159438885,0.671005532053368,0.87588809946714,0.216479400749064,0.515162860351928,0.332866806624679,0.747611464968153,0.466021416803954,0.590956072351421,1
"Sample_20_ZHO5553A11_2007",0.0978375713178841,0,0,1,0.970311368573497,0,0.276453298497714,1,0.68101627954499,0.545601726929304,1,0.394760312151616,1,0.608847788052987,0.198426512567012,0.606991525423729,0.715014344915524,0.0983606557377049,0.406160458452722,0.845303867403315,0.447135717031911,0.688065670385182,0.992703656189865,1
"Sample_2001_117002_ZHO5906A49_2001",0.669873624133714,0,0.617115222876367,1,0.97398622800306,0.660069444444444,0.110782093711897,0.89129873483088,0.707573388917839,0.180059404350967,0.319558247239045,0.371453513749454,0.970184610357785,0.689263322884012,0.471896579412237,1,0.755728155339806,0.747384155455904,0.895981250430827,0.648494711147274,0.675979821497866,0.541990987300287,0.959621904859756,0.985606731620904
"Sample_2001_117018_ZHO5906A51_2001",0,0,1,1,0.251697747116525,0.0109027474923681,0.238936877076412,1,0.00941246408401863,0,0.833828108029831,0.0085236958745312,0,1,1,1,1,0.755883113524696,0.754999224926368,0.253523773726743,0,1,1,1
"Sample_2001_117018_ZHO6678A47_2001",0,0,1,1,0.25063548551093,0.00552949061662198,0.250129198966408,1,0,0,0.899242543790437,0,0,1,1,1,1,0.768564920273349,0.75734504636408,0.247108947048083,0,1,1,1
"Sample_2001_118002_ZHO5906A44_2001",0,0,NA,1,NA,1,0,1,1,1,NA,1,NA,1,0,NA,0,1,0.271824175824176,NA,1,0,NA,1
"Sample_2001_118003_ZHO5906A40_2001",0.0327998419284726,0,0.985013623978202,1,1,0.0200676982591876,0.959451541075823,1,0,0.94233401779603,1,0.96468347010551,0.967515540405053,0.969030602895364,0.0347158650799239,1,0.984124629080119,1,0.0357914513856271,1,0.0278422273781903,1,1,1
"Sample_2001_118005_ZHO5906A45_2001",0.155684351315203,0,1,0.711989759635898,1,1,0,1,0,0,0.832801276935355,0.0820332159033719,1,1,1,0.706824512534819,0,1,1,0.704306912775968,1,0.709711103376262,1,1
"Sample_2001_118006_ZHO5906A48_2001",0.0623022633244098,0,0.100016531658125,1,0.915826612903226,0.850837376741274,0,1,0.987074481699514,0.879348166718897,0.24256837098692,0.371428571428571,0.58695652173913,0.429113323850166,0.35271797409882,1,0.433070866141732,0.01984,0.524655963302752,0.0612045842477444,0.772324471710975,0.697328077091546,1,1
"Sample_2001_118008_ZHO5906A47_2001",0,0,0.939285156859685,1,1,1,0.929174664107486,0.905083927061949,0,0,0.0341276252019386,0,0,0.117713853141559,1,1,0.0682837342030167,1,0,0,0.969036334913112,0.859364280814086,1,1
"Sample_2001_140007_ZHO5920A17_2001",0.0307421591967705,0,0.156966724115074,1,0.437863981837923,0.903608083800656,0.0633532140490391,0.661155913978495,0.0647439085032322,0.154684368737475,0.885174759558996,0.380073126142596,0.472027153558052,0.392596595514726,0.0867552182163188,1,0.482770385533947,0.437325905292479,0.915386264560852,0.568297185048454,0.379435028248588,0.170623964660409,1,1
"Sample_2001_140007_ZHO6678A14_2001",0.0431596091205212,0,0.193086003372681,1,0.439412635735439,0.882520556867215,0.0893854748603352,0.67238912732475,0.0693718867695298,0.126605504587156,0.883844089817822,0.384862653419053,0.485982822881219,0.415860735009671,0.0891707057964279,1,0.458478715980461,0.3668430335097,0.909708416169649,0.517896047307812,0.383350730688935,0.186383928571429,1,1
"Sample_2001_140009_ZHO5920A18_2001",0.484665936473165,0,0.898482105556329,0.973490427098675,0.988483685220729,0.48849907063197,0.569310122501612,0.629089827483641,0.644572235673931,0.505155377344981,0.965003400729611,0.703781512605042,0.585408150625542,0.2075378130424,0.406157169862274,1,0.522131574379448,0.354166666666667,0.379139585267719,0.523313716613852,0.520481927710843,0.448192354263968,1,1
"Sample_2001_140009_ZHO6678A1_2001",0.507566585956416,0,0.890115958034235,1,0.988062800051901,0.498212689901698,0.554897959183673,0.624269180288748,0.647718174539632,0.492495675947107,0.961076898784146,0.683322079675895,0.601221141003625,0.215993404781533,0.413489089706855,1,0.541894852135816,0.344602609727165,0.377842725363047,0.521295318549806,0.516397578203834,0.447690857681433,1,1
"Sample_2001_146002_ZHO5920A10_2001",0.739877300613497,0,0.802862110472115,0.805425082198215,0.281516067014556,0.00311947592804409,0.282475570032573,1,0.0190802348336595,0,0.716443050473369,1,0.726757747417528,0.251293422025129,1,0.78306171520171,0.262664473684211,0.925974884335757,0.727958115183246,0.837185929648241,0.995055216746333,1,0.857062274368231,1
"Sample_2001_146014_ZHO5920A13_2001",0,0,1,1,1,1,0,1,0,1,1,0,0,1,1,0,1,0,0,1,1,0,1,1
"Sample_2001_146014_ZHO6678A4_2001",0,0,1,1,1,1,0,1,0,1,1,0,0,1,1,0,1,0,0,1,1,0,1,1
"Sample_2001_146016_ZHO6152A42_2001",0.424215044047888,0,1,1,1,0.529280462184874,0,0.513446292554018,0,0.0315675870132206,0.975139094302416,0.585619867814941,0.0207253886010363,1,1,1,0.592529998309954,1,0.0156091798852514,0,0.429339606788775,1,0.976274917451388,1
"Sample_2001_146018_ZHO5920A16_2001",0,0,0.837670056795668,1,0.32623688155922,0.285874691219403,0.0384615384615385,0.976661662344752,0.869165214022855,0.0245483682983683,0.961802030456853,0.8563875149241,0.150302297460701,1,1,1,0.858915221886432,1,0.173566006729791,0.15454733789103,0.84858734580183,0.181244364292155,1,1
"Sample_2001_146018_ZHO6678A10_2001",0,0,0.844154509965071,1,0.303253012048193,0.313471720312631,0,0.973066149536738,0.883471259226124,0.0284331847341524,0.964199251705671,0.864503273555366,0.167888188171127,1,1,0.157010172490049,0.860355029585799,1,0.18169281158421,0.15971578622181,0.847457627118644,0.182276815091029,1,1
"Sample_2001_152004_ZHO5906A43_2001",0.330620649083243,0,0.406214302033356,0.82935393258427,0.407806630736567,0.780465288035451,0.181764269829503,1,0.249087174806025,0.400500790722193,0.600318049297641,0.314211774854432,0.531801175841796,0.89128895184136,0.819504967753181,0.715699658703072,0.801706918467405,0.0359581247155212,0.69985999299965,0.385834824852979,0.866666666666667,0.959622641509434,1,1
"Sample_2001_152008_ZHO5906A37_2001",0.235193219654929,0,0.75521121564287,1,0.900739680267239,0.316417910447761,0.550345508390918,0.965260545905707,0.475422260718926,0.224542305789213,0.861581525542337,0.37007874015748,0.411553561413348,0.724738675958188,0.778768610421836,0.539615564932021,0.652612433862434,0.0953271028037383,0.634895144530512,0.592670598146588,0.195606252640473,0.831318136769078,0.890255329116889,1
"Sample_2001_152019_ZHO5920A29_2001",0.193780862137995,0,0.723194748358862,1,0.318310950413223,0.983304647160069,0.793517191977077,1,0.0294575839116272,0.0266203703703704,0.394656625425856,0.597418120965814,0.160156888380454,0.831785345717234,0.0433696937836772,NA,0.22008135302933,0.819396551724138,0.363646421064277,0.796628903011882,0.435668789808917,0.305148914689551,0.98397898883782,1
"Sample_2001_152019_ZHO6678A7_2001",0.199167742861243,0,0.716345636500592,1,0.31453154875717,0.98278905560459,0.793061995534948,1,0.0332432432432432,0.0236783495487047,0.387063579566336,0.6001100110011,0.192941597993551,0.838158353679805,0.0507355864811133,1,0.226700251889169,0.795318454001089,0.358335692046419,0.797163995067818,0.433719152653418,0.334631241410902,0.979939655875398,1
"Sample_2001_157001_ZHO5906A46_2001",0.199746786131671,0,0.717761911700423,0.633482142857143,0.909409409409409,0.644973410990124,0.533111971960893,0.838944054250424,0.29308774415545,0.592348167305806,0.813538710985002,0.242655839503224,0.868309994245156,0.863036303630363,0.72247462542291,1,0.663201663201663,0.460015428130625,0.496005439401666,0.734421921921922,0.373514431239389,0.739307868103167,1,1
"Sample_2001_157005_ZHO5906A39_2001",0,0,0.378972278566599,1,1,0.0554313099041534,0.39797054819948,1,0.0756657285126651,0.910041210171877,0.78452219859527,0.0795688698684419,0.802905214755983,0.610470085470086,0.160105952468545,0.399377362686235,0.928640153944836,0.748635743519782,1,0.269732478443511,0.991389913899139,0.219814814814815,0.413395709721588,1
"Sample_2001_157012_ZHO5906A36_2001",0.799779757733507,0,0.430503978779841,0.94283753309148,0.471464019851117,0.700701040253279,0.284312492137376,1,0,0.972272317403066,0.697091403770163,0.6939586645469,0.167885499373172,0.171646820939115,1,1,0.0434849180829888,0.571975916803503,0.436343193219166,1,0.453587647593097,0.833527939949958,0.752079507399806,1
"Sample_2001_176015_ZHO6152A38_2001",0.0936718599730717,0,0.382589340917522,0.916294426102156,0.954806828391734,0.24679390083813,0.166812513673157,1,0.527532943537831,0.139026522879627,0.657682089882666,0.685437589670014,0.855746209098164,0.256013745704467,0.865056818181818,0.849155069582505,0.91324512344837,0.957294353683004,0.911207292281461,0.902858176555716,0.841307814992026,0.126515475681073,1,1
"Sample_2001_188016_ZHO5906A41_2001",0,0,0.974963181148748,1,1,1,0.97375220998232,1,0.681048480630944,0.587331238855396,1,0.905043535403318,0.961623188405797,0.71503416856492,0.75609756097561,0.751936047964027,0.782821685173089,0.701782304264799,1,0.378454996456414,1,0.187332053742802,0.778349912229374,1
"Sample_2001_188040_ZHO5920A15_2001",0.664822538088348,0,0.627027631726144,0.908435072142064,0.920659493768868,0.364986584898429,0.170639032815199,0.665692719746774,0.154912352221769,0.193595089182303,0.744502972019524,0.592328130189306,0.487902050335244,0.573947542428918,0.782619076041542,1,0.820636193531141,0.157559988435964,0.804873930661864,0.837595258255715,0.119477006311993,0.548251558687991,0.940961098398169,1
"Sample_2001_188040_ZHO6678A8_2001",0.665173572228443,0,0.621198049686557,0.895703125,0.921764063353359,0.358895400814543,0.171913327882257,0.662640312347487,0.163127548867951,0.203571657994475,0.739115985377202,0.53723567269384,0.497504159733777,0.592263056092843,0.767464114832536,1,0.815203145478375,0.17427652733119,0.793715846994536,0.824666666666667,0.116341829085457,0.54747580434214,0.931736634373879,1
"Sample_2001_224003_ZHO6153A5_2001",0,0,0.363433813892529,1,0.837288431338335,1,0.619429857464366,1,0.77260573650948,0.235179931312528,0.354606672788491,0.207115312849857,0,1,1,NA,0,1,0,0,0.853679070550598,1,1,1
"Sample_2001_224019_ZHO6153A7_2001",0,0,0,1,1,1,1,1,0,0.909225578141717,1,0,1,0,1,NA,1,1,1,1,0,1,1,1
"Sample_2001_238005_ZHO5920A25_2001",0.546113572291583,0,0.686140617096611,0.841021771933606,0.499867338816662,0.402026192241166,0.566102997694081,1,0.368724360226607,0.695612844866576,0.644170704652928,0.724785125416594,0.742678512668641,0.811894882434302,0.702537182852144,0.706922688226377,0.69397024275646,0.525671540292418,0.665218964893232,0.673904302372336,0.528976349521574,0.807164757140552,1,1
"Sample_2001_238005_ZHO6678A15_2001",0.536090458488228,0,0.671885873347251,0.827404718693285,0.487200774872008,0.397830220333296,0.546661382999802,1,0.392972140557189,0.691333419056191,0.645870230236677,0.720325712496085,0.727119595732734,0.813322368421053,0.710583314661289,0.715364120781528,0.691397849462366,0.451476793248945,0.676500928409325,0.675685172171469,0.535105833763552,0.804358974358974,1,1
"Sample_2001_238010_ZHO6153A3_2001",0.1549512570549,0,0.936041083099907,1,0.512060606060606,0.684972765139378,0.510350318471338,1,0.00985526834487808,0.310192290331317,0.595732966276669,0.246495446638698,0.537800465236495,0.904293381037567,1,0.902370429891523,0.486258307885755,0.317789578493196,0.506661424889704,0.839172158631056,0.36591139668583,0,0.93094692512541,1
"Sample_2001_238011_ZHO6153A6_2001",0,0,0.743624048833515,0.367978119082685,0.914671086471967,0.662387853692202,0.107885916650857,1,0.720112376461145,0.107078918081966,0.733912758281404,0.071339821909298,0.609125736177026,0.807001795332136,0.384898577925359,NA,0.955745091728355,0.727075691897299,0.590032154340836,0.542713567839196,0.42677004345233,0.0625466611364579,1,1
"Sample_2001_244005_ZHO6152A39_2001",0,0,1,0.925011027790031,0.98021722265322,0.940822002472188,0.97457734841744,1,0.961338365806386,0.973550871503851,1,0.863587308439456,0.960040636640704,0.909901305316778,1,0.0887070376432079,0.0764684813753582,0.087626596213122,0.224052596587132,0.0914826498422713,0.0287907869481766,0,1,1
"Sample_2001_244018_ZHO6153A8_2001",0.685805934242181,0,1,0.414242494763789,1,1,0.274656058345765,1,0,0,1,0,0.788841473051999,NA,0,NA,0,0.522043675319324,0.49770957398076,0.33900062201949,0.614645858343337,0,1,1
"Sample_2001_261004_ZHO5906A38_2001",0,0,0.901963476589318,0.155854361302715,0.841954022988506,0.0922818791946309,0,1,0.0352471293060409,0.970247654467078,1,0.168315277123567,0.0384759408350496,0.914173400305744,0,0.922876079534043,0.958181307886612,0.922266955713843,0.0243806527723162,1,0.0432006010518407,0.908787010506208,1,1
"Sample_2001_261007_ZHO5906A35_2001",0.446524369364228,0,1,0.932835820895522,0.945416717660017,0.213342409802587,0.378764093049807,1,0.162822878228782,0.185361216730038,0.948685484471587,0.0740041532943175,0.593367157530009,1,0.8299242115557,1,0.896451225784331,0.173463356973995,0.722300403414954,0.346929316338355,0.256607700312175,0.532315809308461,1,1
"Sample_2001_261016_ZHO5920A28_2001",0.266083376222337,0,0.765122615803815,0.792394853082389,0.824530422218655,0.596176355833008,0.51878453038674,0.834328586740162,0.122888616891065,0.527861403010508,0.515289011639377,0.467174119885823,0.543853211009174,0.545737122557726,0.757530608278811,0.821436664400634,0.223725570589039,0.441517717152712,0.416584158415842,0.880895826263997,0.422335510594233,0.320611758102989,1,1
"Sample_2001_265003_ZHO6152A36_2001",0,0,1,1,1,1,0,1,1,1,1,1,1,1,NA,1,1,1,1,0,0,0,1,1
"Sample_2001_265010_ZHO6152A37_2001",0.20445810914681,0,0.687093779015785,0.664428826182734,0.876672733112086,0.53117723156533,0.359471474438133,0.972151898734177,0.0555066940291215,0.394503842298697,0.609419172449242,0.667905339331117,0.657044901570449,0.485331960885229,0.473623300221815,0.769549599336833,0.473684210526316,0.739412673879444,0.382762809976417,0.748151109334399,0.378421642388346,0.370568459657702,1,1
"Sample_2001_265017_ZHO6152A35_2001",0.23340395480226,0,0.261398176291793,1,1,0.0957822808671065,1,0.937006723180357,0,0,0.244260027662517,0.811091162976262,0.789598108747045,0.765588003157064,0.0841902850932196,0.946030839520274,0.928825622775801,1,0.976140350877193,1,0.98807771563144,0.0297537619699042,0.0360416150606886,1
"Sample_2001_265021_ZHO6152A34_2001",0.266680437926048,0,0.358700843814679,1,1,0.973576192919446,0.0850661625708885,1,0.0211037248074285,0.639294349422405,1,0.614272970561998,0.701556886227545,0.331393939393939,0.80105759611262,1,0.24692793091996,0.137730358874879,0.963660010710734,0.452773613193403,0.669112028121657,0.293652075593604,1,1
"Sample_2001_265023_ZHO5920A20_2001",0.5362016876758,0,0.944192634560907,0.0909794384258236,0.923339540657976,0.363975300011651,0.393416082029142,0.973969036854364,0.0948411141624166,0.017230466277516,0.454280042041341,0.880712625871418,0.592551168773068,1,0.528474212034384,0,0.474862258953168,0.113057989153108,0.515144895878841,0.527888446215139,0.851754385964912,0.123156089193825,1,1
"Sample_2001_265023_ZHO6678A2_2001",0.52291256676975,0,0.942347123386805,0.0815098468271335,0.942231638418079,0.340670042851578,0.394055802668823,0.965053128689492,0.106363275565551,0,0.421680837148463,0.886446886446886,0.621034482758621,1,0.496645865834633,0.470907297830375,0.411147011308562,0.095438175270108,0.446794871794872,0.474287699791522,0.84796633941094,0.142857142857143,1,1
"Sample_2001_265024_ZHO6152A33_2001",0.141261567918307,0,0.634484103764385,1,1,0.826925825353723,0.685146000846382,1,0.152828720684673,0.176909108286342,0.677188367674996,0.296430185268866,0.0508108108108108,0.353363228699552,0.936281308639961,1,0.953683131088703,0.924082665541965,0.443289298835301,0.648829431438127,0.202759197324415,0.761086474501109,0.982477924944812,1
"Sample_2001_267006_ZHO5906A50_2001",0,0,0,0.0916411660492833,0.136482316638975,0.303501945525292,0,1,0,0,1,0.0522012578616352,0.935578025643699,1,1,1,0,1,1,0,0,0.179238374221897,1,1
"Sample_2001_268006_ZHO6153A1_2001",0,0,0,1,1,0,0.67567785668173,0,1,1,NA,0,1,1,0,1,0.334832583708146,0,0,0.572664835164835,0,0.643485915492958,1,1
"Sample_2001_271006_ZHO5906A32_2001",0.674531282915526,0,0.679212756787818,0.529171528588098,1,0.719751946167041,0.663802905874921,1,0.762094102054341,0.546660808435852,0.744935336772071,0.770192887281495,0.757397107897664,0.728289607484238,1,0.777093072673183,0.308590492076731,0.665152324959914,0.548457929933127,0.275647890340544,0.796337120569781,0.146571213262999,1,1
"Sample_2001_271007_ZHO5906A33_2001",0.263918213134793,0,0.846153846153846,0.793987621573829,0.769586983729662,0.846512284665349,0,1,0,0.0229707644815689,0.247503620702797,0.488596328574078,0.257287855541131,0.92979226926111,0.113277412529283,1,0.903043775649795,0.872034507548526,0.829981549815498,0.822684059252708,0.103736263736264,0.676334106728538,1,1
"Sample_2001_271010_ZHO5906A34_2001",0,0,0.837881455399061,0.691015783083772,1,0.84910941475827,0.220677501468573,0.298166472642608,0.537535257105663,0.019023569023569,0.446767931339827,0.870140892887455,0.686786296900489,0.253037731826903,1,0.702334180725676,0.518338636744264,0.252753623188406,0.632372272368767,0.551709216789269,0.581989490849792,0.532255198151768,1,1
"Sample_2001_271011_ZHO5906A42_2001",0.170324189526185,0,0.954853985793212,0.202465623518255,1,0.971948818897638,0,0.97427701674277,0.230143068574248,0,0.931329088417829,0.771592380247827,0.68141592920354,0.460523099486678,0.500739207569486,0.804691483936767,0.128301886792453,0.187244737668866,0.867631348936583,0.508565834557024,0.886591962905719,0.562884063908234,0.987860394537178,1
"Sample_2001_288015_ZHO6153A2_2001",0.63770971737417,0,0.93381806163761,0.473862087762333,1,0.80119825708061,0,1,0.0860128617363344,0.0658668208538113,0.379456763496664,0.705346619522126,0.29963921373476,0.805204687262213,0.0701898503103322,1,0.887081639036597,0.585480618418104,0.922394420767145,0.957569913211186,0.679908076165463,0.552426226567405,0.936701866404715,1
"Sample_2001_319014_ZHO5920A30_2001",0.345435862305189,0,0.604184013322231,0.885806268345801,0.950202429149798,0.645473136270682,0.310530361260569,1,0.417091527069677,0.441301867531376,0.457832552454675,0.331016949152542,0.0626944470632601,0.96719701433903,0.482173868628052,0.732375392905254,0.339344914467577,0.398872084081005,0.445094373756256,0.850546975546976,0.464306526806527,0.376955714664545,0.554426966292135,1
"Sample_2001_319014_ZHO6678A9_2001",0.355756602947614,0,0.602854828912735,0.882173692229558,0.949509803921569,0.645289256198347,0.301444381917089,1,0.422921289648871,0.44852039456145,0.440754105604242,0.318849840255591,0.0638534147695725,0.957713390759593,0.488374364986323,0.726999140154772,0.351866774106903,0.393969849246231,0.441645675902603,0.85289310232102,0.475905003458612,0.393850327831788,0.550407586092164,1
"Sample_2001_327016_ZHO5920A14_2001",0.0613851519681116,0,0.93878556472472,0.832086167800454,0.968663264392515,0.930191972076789,0.196373456790123,0.248276812792942,0.0548259711635596,0,0.963845476557341,0.135263859782816,0.231292517006803,0.207850555686924,0.568702290076336,1,0.898413622471256,0.169673947451725,0.898108838286376,0.887339055793991,0.856688963210702,0.0191570881226054,0.911134020618557,1
"Sample_2001_327016_ZHO6678A5_2001",0.0601642129105323,0,0.924193705544188,0.814899526221206,0.978617421941441,0.94137194398291,0.213398163155051,0.244105987899019,0.0521872601688411,0,0.959191043698086,0.137972048765983,0.228205610996046,0.214899713467049,0.626865671641791,1,0.897886487770126,0.184031158714703,0.900514115630919,0.88135593220339,0.864054290718039,0.0185973560385391,0.89645201625508,1
"Sample_2001_327021_ZHO6152A41_2001",0.286267937572012,0,0.918629267001852,0.968330497258461,0.97649416909621,0.336650989828284,0.614882359563211,1,0.310661214720255,0.122362228632154,0.710200246638088,0.701333333333333,0.716502732240437,0.341433778857837,0.686372239747634,0.379252110977081,0.980054921231392,0.0241844769403825,0.141278375149343,0.957993730407524,0.154950362221626,0.646601337688599,1,1
"Sample_2001_327025_ZHO5906A52_2001",0.191332363334026,0,0.782614501268527,0.792428617260186,0.955628775398133,0.411779480095441,0.220374769068356,0.932045779685265,0.587409002358249,0.431613013115313,0.648775040134013,0.449940908323485,0.778853754940712,0.545924359877848,0.570119031331235,0.667133193375321,0.68143677314883,0.240752351097179,0.648738934357775,0.893520272830618,0.601195065535852,0.198259355961706,0.982029366644751,1
"Sample_2001_336002_ZHO5920A22_2001",0.0620462603410434,0,0.732934980757545,0.718284693269803,1,0.915095986038394,0.310215272136474,1,0.692242962056304,0.0230109204368175,0.964456184253209,0.374431901480721,0.350385235620856,1,1,0.724819773429454,0.36024432346302,0.319702602230483,0.376647385055758,0.400609549610566,0.674846625766871,0.124629462559608,1,1
"Sample_2001_336002_ZHO6678A6_2001",0.0676852777381122,0,0.7215153544437,0.72603184920377,1,0.919180327868853,0.313871260199456,1,0.711529184756392,0.02352110380792,0.958922068463219,0.34651992861392,0.352941176470588,1,1,0.744902205576363,0.392670157068063,0.332850940665702,0.377339989302906,0.400709219858156,0.67632214175993,0.122272629077555,1,1
"Sample_2001_336003_ZHO5920A23_2001",0.155155402072028,0,0.84961334961335,0.549866160089802,0.898547629218283,0.64250454663549,0.29950520044431,0.872867718056003,0.0806898675700647,0.0141909525880818,0.908068305023491,0.207613988490483,0.704429151226398,1,0.323017507723996,0.913175355450237,0.591857377671008,0.314885496183206,0.788004750593824,0.926374501992032,0.676384839650146,0.468802698145025,0.551883231272544,1
"Sample_2001_336016_ZHO5920A26_2001",0.685588470776621,0,0.797128673017577,0.342425946756655,1,0.10430994956442,0.248897220996912,0.283083133594046,0.663632460283383,0.0720521172638437,0.857790503459795,0.175283732660782,0.962925668253387,0.245355191256831,0,0.214475913822319,1,1,0.412403195316788,1,0.945409429280397,0.143601500625261,1,1
"Sample_2001_336026_ZHO5920A31_2001",1,0,0,1,1,0,0,1,0,0,1,NA,1,1,0,NA,1,NA,0,0,0,NA,1,1
"Sample_2001_336026_ZHO6678A12_2001",1,0,0,1,1,0,0,1,0,0,1,0,1,1,0,1,1,0,0,0,0,1,1,1
"Sample_2001_342002_ZHO5920A19_2001",0.0161788953009068,0,0.712256908904811,0.608361774744027,0.957894736842105,0.782197963682166,0.182407047545019,0.65499859983198,0.304294594085515,0.545966101694915,0.730376990947634,0.652775314772123,0.73041095890411,0.527027027027027,0.466492109546387,0.909044455799693,0.821253822629969,0.560249925617376,0.792885375494071,0.933452168746286,0.172477064220183,0.508932806324111,0.985835071922697,1
"Sample_2001_347006_ZHO5920A1_2001",0,0,0.192488844819038,0.82643770888556,1,0.995625,0.797068620919387,0.952360757704269,0,0.144138203877094,0.173458660565209,0.155220547180346,0.153754469606675,0.167723749119098,0.132839721254355,0,0.878122934567085,0.147748222280748,0.179970795814067,1,0.109626647144949,0.157924501625901,1,1
"Sample_2001_347006_ZHO6678A48_2001",0,0,0.194190358467244,0.837895866881374,1,0.994695756605284,0.819209039548023,0.955785837651123,0,0.148547550043809,0.17183205383376,0.160972606955986,0.163562478835083,0.185013518733102,0.132504288164666,0,0.855147058823529,0.135244066278549,0.182144566778363,1,0.1072816791915,0.153660886319846,1,1
"Sample_2001_347009_ZHO6152A40_2001",0.264495186926349,0,0.717510259917921,0.474548773068343,0.834223866283052,0.941097979412886,0,0.652600170502984,0.875182967398536,0.560074366720892,0.364185750636132,0.695898161244696,0.324425995589571,0.476245321048085,0.642918271287976,0.441238564391274,0.452196382428941,0.716777408637874,0.392213779561171,0.528633240010181,0.354166666666667,0.893408957559163,1,1
"Sample_2001_347011_ZHO5920A11_2001",0.256919155134741,0,0.780893854748603,0.490866917947231,0.892441396906395,0.94218086548017,0.0290437378027781,0.733276781386331,0.885027985074627,0.578752425186666,0.413038142457415,0.606281366359074,0.481637146002202,0.686862627474505,0.636043956043956,0.542360608254888,0.7175983436853,0.670738636363636,0.49234934086629,0.494710417787341,0.317761194029851,0.924301134791032,1,1
"Sample_2001_347012_ZHO5920A12_2001",0.184131872113033,0,0.68230563002681,1,0.663262049154165,0.629511894995898,0.315878787878788,1,0.499919028340081,0,0.522041994228281,0.0415313621603145,0,0.856561085972851,0.624089700612646,0,0.600852468032449,0.673112338858195,0.574371115714708,0.39967695620962,0,0.647436792848163,1,1
"Sample_2001_354007_ZHO5920A9_2001",0.256749311294766,0,0.857418607643804,0.516601213852196,0.78058288472248,0.708210143279509,0.0585460599334073,0.84469696969697,0.378175928737726,0.774206699735,0.816405775998059,0.828488931665063,0.798722800378429,0.958588581230091,0.88787736796305,0.576501154734411,0.809948152948801,0.325540823447313,0.420751574831656,0.796574770258981,0.640625,0.654090150250417,0.959913939531197,1
"Sample_2001_354007_ZHO6678A13_2001",0.271016311166876,0,0.857809552179525,0.516344343659079,0.782918579366997,0.703271812080537,0.0572440798060787,0.840642640034737,0.382543640897756,0.773459514062417,0.815441603718768,0.838006230529595,0.784967320261438,0.954079696394687,0.880103414844339,0.569735642661805,0.797891036906854,0.331836327345309,0.427651549995401,0.815147625160462,0.642004214469679,0.637709558023079,0.95964372980216,1
"Sample_2001_354014_ZHO5920A21_2001",0.853240895422653,0,0.279482316188776,0.788435061955025,0.806545972013598,0.827024482109228,0.739203589455973,0.860099928622413,0.588432242403951,0.230447727012481,0.831584158415842,0.573118279569892,0.49071457408155,0.480105562322371,0.923314166231051,1,0.694980166871837,0.442287784679089,0.811821086261981,0.542590217988643,0.551703346397347,0.492095429721184,1,0.862095433030574
"Sample_2001_360004_ZHO5920A27_2001",0,0,0,0.972933884297521,1,0.0226390072937388,0.0355022109917877,0.977613871635611,1,1,0.0318533371526783,1,1,1,0.98339552238806,0,0,0,0,1,1,0,1,1
"Sample_2001_360004_ZHO6678A3_2001",0,0,0,1,1,0.0230814098825098,0,0.978636826042726,1,0.990163730311897,0.0315100589803668,1,1,1,0.986165791776028,0,0,0,0.00817464897095595,1,1,0,1,1
"Sample_2001_366009_ZHO6152A43_2001",0.0583950322426558,0,0.0506284916201117,0.941314830059979,1,1,0.0647773279352227,0.0425023877745941,0.938301636444051,0,0.918835812356979,0.892039487502626,0.0815866277527195,0.101830368651714,1,0,1,0.0802399700037495,0,0.0363499623965906,0.00904095018613721,0,0.9513499413069,1
"Sample_2001_388020_ZHO5920A24_2001",0.187376354215732,0,0.559690104472356,0.814440633979053,0.985423542354235,0.40239473942487,0.306208148904778,0.950128033166687,0.516114180478821,0.364935238349579,0.625015025844452,0.661648418491484,0.500588466065124,0.291134263809711,0.235406960811181,1,0.717542120911794,0.0396586345381526,0.951734539969834,0.581496137177313,0.659841578239426,0.595751092361006,1,1
"Sample_2001_388020_ZHO6678A11_2001",0.188209843158464,0,0.560426302030967,0.809488064855127,0.980612006540528,0.424518118735544,0.293349168646081,0.951392565921847,0.515151515151515,0.368341273278476,0.610668133076712,0.668868703550784,0.504037685060565,0.284770514603616,0.248468030986241,0.811877241929055,0.719359331476323,0.0489296636085627,0.954813019390582,0.581504702194357,0.640799158780231,0.577886247877759,1,1
"Sample_2007_109_ZHO5920A8_2007",0,0,0.258460616951183,0.3887209423538,1,1,0,0.41131826431282,0.783902536448971,0.312925170068027,0.569282360831657,0.645715401132149,0,0.210950080515298,0,1,0.735708367854184,NA,0.409629442903958,1,0.653826399589111,0,1,1
"Sample_2007_1146_ZHO5920A38_2007",0,0,0.973737936154417,0.543552488194697,0.55752714883952,0.688037462750106,0.34134405313292,1,0.558479532163743,0.0466542547366115,0.489427349020898,0.61616773724397,0.620266914959652,0.956004140786749,0.466921276333621,0,0.816293056314926,0.474450194049159,0.450761928553585,0.963665086887836,0.0737944053543848,0.491975522456991,0.751350004153859,1
"Sample_2007_1146_ZHO6678A32_2007",0,0,0.963102199944305,0.5055682105796,0.562233736327001,0.624067009454304,0.266507828454731,1,0.582530193973405,0.0580641555828769,0.457407980204145,0.590602770497941,0.635274382937934,0.928052576962989,0.400305470702583,0,0.826510067114094,0.445175438596491,0.3584427342689,0.970805369127517,0.0735544217687075,0.564628641772671,0.751771355783775,1
"Sample_2007_1161_ZHO6152A11_2007",0.688258696317454,0,0.945903614457831,0.323040095751047,0.948566488978533,0.290554888745268,0.0527292407607855,1,1,0.318235924294727,0.7139277913401,0.337229437229437,0.977842707572437,0.798224374495561,0.99502184855357,1,0.973065250379363,0.967287084038353,0.931059160305344,0.0417023707512139,0.717391304347826,0.375650163744943,1,1
"Sample_2007_1161_ZHO6678A18_2007",0.757402001668057,0,0.943668122270742,0.333151432469304,0.970001224439819,0.288173840367739,0,1,1,0.309745466286391,0.722941286812981,0.313403577554521,0.976121752820782,0.718359375,0.983006211180124,1,0.977016386465205,0.930707876370887,0.976608187134503,0.0565829423130003,0.714742657749346,0.303182917002417,1,1
"Sample_2007_1162_ZHO6152A12_2007",0,0,1,1,1,1,0,1,0,1,1,1,1,1,1,1,0,NA,1,1,1,1,1,1
"Sample_2007_1162_ZHO6678A20_2007",0,0,1,1,1,1,0,1,0,1,1,1,1,1,0.722565084769809,1,0,NA,1,1,1,1,1,1
"Sample_2007_1163_ZHO6152A13_2007",0,0,1,1,1,1,0,1,0,1,0,1,1,1,NA,1,1,NA,0,1,0,0,1,1
"Sample_2007_1163_ZHO6678A22_2007",0,0,1,1,1,1,0,1,0,1,0,1,1,1,NA,1,1,0,0,1,0,0,1,1
"Sample_2007_127_ZHO5920A6_2007",0.948572606410389,0,1,0.949414482593802,1,0,0,1,0.916040548598688,0.0448969578017664,1,1,0.922901344154197,0.157735085945399,0,NA,0.0952027695351138,0.930555555555556,0.984115968848793,0.919091967403958,0.0159513862514242,0.0657826313052522,0.160994626488252,1
"Sample_2007_128_ZHO5920A7_2007",0.323827544262738,0,0.512561892536219,0.962311811660099,0.719228521332554,0.559758237473192,0,1,0.891810776046877,0.160432033719705,0.749402526459543,0.810642377756472,0.385125628140704,0.864197530864197,0.842437389075133,NA,0.576342281879195,0.869627507163324,0.326822491010134,0.744015444015444,0.612891986062718,0.505322479649343,0.938813514232509,1
"Sample_2007_129_ZHO5920A5_2007",0.149976536837166,0,0.468011527377522,0.454200016169456,1,0.37562637803167,0.231443234447365,0.913566495878815,0.423229768786127,0.489917322040734,0.903590139998282,0.305022975756615,0.237390719569603,0.632998745294856,0.839486119314826,0.698905649216208,0.693274012038733,0.571895424836601,0.764290610006854,0.411764705882353,0.166304347826087,0.574330563250231,1,1
"Sample_2007_1343_ZHO6152A32_2007",0,0,0,1,NA,0.181423975381172,0.553238199780461,1,0.167778721339318,1,1,NA,0.347726111394992,1,NA,NA,0.32943469785575,NA,0,0,NA,0.400544959128065,1,1
"Sample_2007_135_ZHO5920A35_2007",1,0,0,0,1,1,0,1,0,0,1,0,1,1,0,NA,0,0,1,1,1,1,1,1
"Sample_2007_135_ZHO6678A30_2007",1,0,0,0,1,1,0,1,0,0,1,0,1,1,0,1,0,0,1,1,1,1,1,1
"Sample_2007_1373_ZHO6152A15_2007",0.182020802377415,0,0.108626198083067,0.384606890459364,0.701021524990879,0.434262498589324,0.698166198579217,1,0.196762141967621,0.12145067958552,0.757660687593423,0.464067439409905,0.42231027857829,0.773065902578797,0.0301331926678096,0,0.227154612386314,0.0698722764838467,0.680078294910831,0.432734035957843,0.0637144148215093,0.278879310344828,1,1
"Sample_2007_143_ZHO6153A26_2007",0.219690166142793,0,0.825812712275594,0.417449473384572,0.960120499211017,0.335541044776119,0.216612886436973,0.915485126494301,0.419513354997226,0.286946295570365,0.598482785450302,0.718121769098219,0.762947331398927,0.554671135316297,0.722935225728522,1,0.338470898397891,0.771866546438233,0.666201654800847,0.530999703352121,0.251519401589528,0.74594395280236,1,1
"Sample_2007_143_ZHO6678A19_2007",0.0650964023057046,0,0.615394685168216,0.44517724649629,0.945896052257881,0.29997771339425,0.427038004061503,0.951864344972194,0.586939293073387,0.244469943265124,0.912690033783784,0.790803645401823,0.89236641221374,0.572709801409353,0.772394562565354,0.76900691160422,0.435197368421053,0.781538461538462,0.623763112863626,0.692575406032483,0.409631391200951,0.693153000845309,1,1
"Sample_2007_158_ZHO6153A27_2007",0,0,0.902754590984975,1,1,NA,0,1,0,1,1,0,1,0,1,1,0,NA,1,0,0,1,0.57016485725774,0.823716251985177
"Sample_2007_159_ZHO6153A23_2007",1,0,0,1,NA,NA,0,1,1,0,NA,NA,1,NA,1,1,0.814035087719298,1,1,NA,NA,0,1,1
"Sample_2007_166_ZHO6153A28_2007",0.943151153168064,0,1,1,1,1,0.880378290875011,1,0.230324445872149,0.460458475450147,0.904045130764831,0,1,0,1,NA,0.589990375360924,0,0.413532370598734,1,0.102800425381071,0,1,1
"Sample_2007_166_ZHO6678A24_2007",0.924987963408763,0,0.90893801057184,1,1,1,0.923463687150838,1,0.683291169738586,0.385864091474613,1,0,1,0,0.964355707986281,1,0.708442123585727,0,0.355261154256129,0.923155737704918,0.0591471801925722,0,1,1
"Sample_2007_18_ZHO5920A33_2007",0,0,0.366818873668189,1,1,0.459223817118554,0,0.631549687282835,0.684340199073618,0,1,0.401172083111348,0.418914144388176,0.639564992232004,1,1,0.397676802186539,1,1,0,1,0,0.620774845592364,1
"Sample_2007_190_ZHO6153A29_2007",0.410225011480178,0,0.973657251573247,0.741025282860735,0.831371860179167,0.841594827586207,0.153204311044153,0.84475864866431,0.62671932452676,0.281966611630893,0.367734872611465,0.319057200344927,0.582313319330774,0.646868947708199,0.360223905169575,0.850977198697068,0.752374374028665,0.752166377816291,0.599443844940649,0.916467341306348,0.429369067560022,0.523417085427136,0.959601069596011,1
"Sample_2007_199_ZHO6152A1_2007",0.10895317914417,0,0.851998865891693,1,0.745943806885635,0.088470066518847,0.311499630632849,1,0.852224305437191,0,1,0.95434369055168,0.588225455761833,1,0,0.306614785992218,0.0924680564895763,NA,0.433353218002254,1,0.185221674876847,0.184626978146194,1,1
"Sample_2007_199_ZHO6678A25_2007",0.221396884349531,0,0.907511102529446,1,0.960063580369561,0.0753048780487805,0.259507829977629,1,0.861441441441441,0.123429579016972,1,0.875640204865557,0.587926509186352,1,0,0.374591057797165,0.129653401797176,0.79734219269103,0.589685501066098,0.88422131147541,0,0.105655686761964,1,1
"Sample_2007_201_ZHO6152A4_2007",0,0,0,1,1,1,1,0,0,0,1,0,1,0,1,1,1,NA,0,0,1,1,1,1
"Sample_2007_201_ZHO6678A21_2007",0,0,0,1,1,1,1,0,0,0,1,0,1,0,1,1,1,NA,0,0,1,1,1,1
"Sample_2007_237_ZHO6152A24_2007",NA,0,0.454796792922311,1,1,1,NA,1,0,0,0,0,0.542372881355932,NA,0,1,1,NA,0.987558013231954,0.918596955658504,NA,0.708036622583927,1,1
"Sample_2007_238_ZHO6152A2_2007",1,0,0.863414634146341,1,1,0,0,1,0,0,1,0,0.7095485417499,0.123042505592841,1,1,1,NA,0.00995222929936306,1,NA,1,1,1
"Sample_2007_244_ZHO6152A3_2007",0,0,0.841379310344828,1,0.477488514548239,0.235209235209235,0.706030150753769,0.204738985560903,0.101440454453236,0.611300591177808,0.904062280496371,0.128211116300794,1,NA,0.694375663247259,NA,0.39799635701275,NA,1,0.454876273653566,0.599264705882353,1,1,1
"Sample_2007_245_ZHO6152A5_2007",0.243384305466532,0,0.452356020942408,0.660097058532237,0.628180697231252,0.608175093418745,0.634565575700494,0.966978922716628,0.263116370808679,0.29861606505921,0.96627197703624,0.19531639262581,0.233989266547406,0.65279091769158,0.451286880100439,0.844743276283619,0.439661383285303,0.792452830188679,0.449082378915413,0.753666418095948,0.407001044932079,0.4635435654393,0.95881746304572,1
"Sample_2007_353_ZHO6152A14_2007",0,0,0.121833084947839,1,1,1,0.957070707070707,1,0,0.112756264236902,0.84845663539354,0.165708025198576,1,NA,1,1,0.874632451216252,NA,0.211286011286011,0.954165376277485,NA,0,1,0.954462289083147
"Sample_2007_353_ZHO6678A23_2007",0,0,0,1,1,1,1,1,0,0.287473068636504,1,0,1,0,1,1,0.768083182640145,0.730072463768116,0.1630725863284,1,1,0.0972886762360447,1,1
"Sample_2007_355_ZHO6152A26_2007",0,0,1,1,1,0.086946951353731,0,1,0,1,1,0,1,NA,0.136162926917185,NA,1,NA,0,NA,NA,0.401352874859076,1,1
"Sample_2007_362_ZHO6152A6_2007",0.798453479670741,0,0.786990950226244,0.692251385548468,0.803738317757009,0.727929741103284,0.591142744167655,0.836804370092182,0.465756005652379,0.641697877652934,0.985686169261048,0.455144351869793,0.512732564182517,0.405293631100083,0.844261833736703,1,1,0.260374832663989,0.698266806722689,0.30948905109489,0.414961185603387,0.689399421128799,0.994154388212684,1
"Sample_2007_362_ZHO6678A26_2007",0.775349559813568,0,0.653425309229305,0.617435463393991,0.816253933506636,0.628718646704258,0.454590407120488,0.835757461276917,0.490189289012004,0.643374233128834,1,0.468621399176955,0.584819632560011,0.374124241008874,0.83953531713984,0.869170449855551,0.965799953150621,0.251738525730181,0.537881672123658,0.342825237297599,0.391897842360194,0.571205357142857,1,1
"Sample_2007_368_ZHO6152A27_2007",0,0,0.497531454053193,1,0.716844143272023,0,0,1,0.32599837000815,0.359143559143559,1,1,0,NA,1,0.368008948545861,0.606413994169096,NA,0,1,NA,0,1,1
"Sample_2007_375_ZHO6152A28_2007",0,0,1,1,1,1,0,1,0,1,1,1,1,NA,0,1,NA,NA,1,1,NA,NA,1,NA
"Sample_2007_403_ZHO6152A7_2007",0,0,0.607701564380265,0.655951242829828,0.935233160621762,0.0617075232459848,0,1,0.542016188373804,0.606934850331843,1,1,0.697670807453416,NA,0.939562270858794,0.854210898796886,0.608552631578947,NA,0.500531753266484,0.652196382428941,0.153846153846154,0.879736408566722,0.93012645026724,1
"Sample_2007_436_ZHO6152A8_2007",0,0,0.0952577319587629,0.879161692532166,0.932749562171629,1,0.0553846153846154,1,1,1,NA,1,1,0.18140589569161,0.192039800995025,NA,1,NA,0.292319672929037,1,0.0750750750750751,0.909412284577994,1,1
"Sample_2007_441_ZHO6152A9_2007",0.637660793427738,0,0.899583043780403,0.887511916110582,0.634736493205171,0.267070835992342,0,0.879891459582976,0.36568714752152,0.180832526621491,1,0.834201388888889,0.208552317247969,0.855054811205846,0.292759110269759,0,1,NA,1,0.600476568705322,NA,1,1,1
"Sample_2007_453_ZHO5920A36_2007",0.496143740995,0,0.554062838569881,1,0.613452914798206,0.177671181339353,0.387061642343716,0.479770261646458,0.75129168623767,0.575594064542908,0.0651750024373599,0.958188657407407,1,0.95050547598989,0.643675117495201,0.407211296016137,1,0.588085724664003,0.939402931924743,0.468755409382032,0.542993893381746,0.518931256713212,0.9375,1
"Sample_2007_46_ZHO6153A24_2007",NA,0,1,1,0.575966119640021,NA,0,1,0.279405069054485,0,1,0,1,NA,1,0,0.626853377265239,NA,0.0278814334999648,1,NA,1,1,1
"Sample_2007_462_ZHO6152A10_2007",0,0,1,0.779659439843677,0.91014091014091,1,0.13943685719103,1,0.378633150039277,0,0.868671193016489,0.616754617414248,0.573177293516277,0.746478873239437,0.876061120543294,1,0.777471897224134,NA,1,0.300342969132778,0.624215246636771,1,1,1
"Sample_2007_463_ZHO5920A37_2007",0,0,0.772764227642276,1,0.532605254827477,0.297433903576983,0.55323239605864,0.239006797059232,0.324640075525136,0.639060356652949,1,0.216965471447543,0.979807446536594,0.087527352297593,0.79232006433454,0,0.473098810139679,0.255009107468124,0.790329482242191,0.408985446108416,0.669769720725135,0.593904448105437,1,1
"Sample_2007_463_ZHO6678A31_2007",0,0,0.691832858499525,1,0.19958988380041,0.421454545454545,0.426100628930818,0.121417404898385,0.231943031536114,0.878735532907238,0.946566358024691,0,1,0,0.582933136313262,NA,0.286594761171032,NA,0.636926649893555,0.312130177514793,0.698019801980198,NA,1,1
"Sample_2007_49_ZHO5920A34_2007",0,0,1,0.856167168062444,1,0,0,1,1,0,0,1,0,1,1,NA,NA,NA,1,1,0.383215369059656,0,1,1
"Sample_2007_49_ZHO6678A29_2007",0,0,0.613577023498694,1,1,1,0,1,NA,0,0,1,0.169813979706877,1,1,NA,1,1,1,1,NA,0,1,1
"Sample_2007_50_ZHO5920A4_2007",0.355159373311723,0,0.448037466547725,0.708301846054194,1,0.357907253269917,0.522831050228311,0.90300513071097,0.354278874925194,0.497906105355962,0.768518991871581,0.50683433570257,0.68806220460436,0.600139082058414,0.611665257819104,NA,0.628989861058956,NA,0.554585858585859,0.867059318468658,0.656066945606695,0.514391447368421,0.697873642343583,1
"Sample_2007_50_ZHO6678A28_2007",0.176250534416417,0,0.580081999735485,0.755244755244755,1,0.370218017276841,0.45106725734998,0.846827323162275,0.330510717120931,0.480239123214879,0.524587305277842,0.610276296655356,0.7756376887038,0.470978441127695,0.477526967638833,1,0.607473431607816,0.728171334431631,0.664612551352883,0.876092136616362,0.694307800421644,0.474605954465849,0.799869834038399,1
"Sample_2007_61_ZHO6153A25_2007",0.563669106541187,0,0.737779216574943,1,1,0.511084378759237,0.890683550846363,1,0.806838850491088,0.510162239258335,1,0,0.366506001323126,0.451003541912633,0.329224610198062,NA,0.335656213704994,NA,0,0.707110609480813,1,0.0705263157894737,1,1
"Sample_2007_61_ZHO6678A17_2007",0.394378378378378,0,1,1,1,0.435966086568496,0.224729666196521,1,0.923882830874492,0.728532173116556,0.763571919418424,0.525393184796854,0.688982402448355,0.760837070254111,0.745053519299384,0.844739093242087,0.16496700659868,0.606896551724138,0,NA,0.769779044903778,0.201923076923077,1,1
"Sample_2007_98_ZHO5920A3_2007",0.89672198601015,0,0,1,0,0.039553506430478,0,1,0.948915325402379,0.0219899418203333,1,0,0.98199259508583,1,0,NA,1,NA,1,1,0.956825119930222,0.0557909604519774,1,1
"Sample_2007_98_ZHO6678A27_2007",0.957213215678227,0,0,1,0,0,0,1,1,0,1,0,0.959416162335351,1,0,0,1,1,1,1,1,0,1,1
"Sample_2012_110_ZHO5920A53_2012",0.0531925016652393,0,1,1,1,1,0,0.91964619409493,0.0625332907212102,0,1,0,1,1,0,NA,1,0.0609812012838148,0.0299458193000439,0,0,0.0194287934719254,1,1
"Sample_2012_110_ZHO6678A33_2012",0,0,1,1,1,1,0,1,0,0,1,0,1,1,0,NA,1,NA,0.169431617353629,0,0,NA,1,1
"Sample_2012_135_ZHO5933A10_2012",0,0,1,1,1,0.975661580065675,0.943492567797572,1,0.979910714285714,0,0,1,0.0367881740299009,1,0.517719568567026,0,1,0,0.959083119108826,0.975429975429975,0,0,1,1
"Sample_2012_135_ZHO6678A36_2012",0,0,1,1,1,0.97968118545128,0.963020509633313,1,0.979788020704954,0,0,1,0.0315649081209247,1,NA,0,1,0,1,0.976793893129771,0,0,1,1
"Sample_2012_148_ZHO5933A9_2012",0.982839099395936,0,0,1,1,0.983693045563549,0,1,1,0,1,1,1,1,1,1,1,1,1,1,0,1,1,1
"Sample_2012_148_ZHO6678A35_2012",0.982247284878864,0,0,1,1,0.991897044804576,0.0375519046759343,1,0.97922735908803,0,0.979718990399898,1,1,1,1,1,1,1,0.988992799801374,1,0.0206777713957496,1,1,1
"Sample_2012_149_ZHO5933A16_2012",0,0,NA,1,1,0,1,1,0,NA,0.716809149068675,0.0241304709602263,NA,1,NA,0.219217081850534,NA,NA,1,1,0.180571428571429,NA,1,1
"Sample_2012_150_ZHO5933A8_2012",0,0,1,0.669856459330144,1,0.238884702336096,0.685887309110058,0.779710144927536,0.0397857689364958,0,1,0,0.89829804898298,1,1,0,0,NA,0.963361283266497,0,NA,0.622719246615656,1,1
"Sample_2012_159_ZHO5933A17_2012",0.0871265009773806,0,0.744015576680793,0.866805411030177,0.678720031702001,0.543166175024582,0.57937755422823,0.929958611907036,0.59219525278262,0.506606158088235,0.93535990540474,0.539862117730246,0.673138663812873,0.513426853707415,0.858647601375321,0.442140655645839,0.671167116711671,0.314102564102564,0.415040727410494,0.85914943425673,0.647972716938234,0.403963858933256,0.913097126740702,1
"Sample_2012_160_ZHO5933A29_2012",0,0,0.294026135656503,1,1,0.62642089093702,0,1,0.659503929273084,0.3416447944007,0.609708619745727,0.484517304189435,0.262965668371074,0.59608843537415,0,1,0.474778866841979,0.158675799086758,0.846821337230544,1,0.816176470588235,0.598093142647598,1,1
"Sample_2012_161_ZHO5933A30_2012",0.101596337086994,0,1,0.364455491688675,1,1,0.161985018726592,1,0.87206020696143,0.514577259475219,1,0,1,0,1,1,1,NA,0.489841597796143,1,0.664285714285714,0.321258341277407,1,1
"Sample_2012_162_ZHO5933A31_2012",0,0,0.946654188114179,1,0.875338753387534,0.305157593123209,0.149532710280374,1,0.671601615074024,0.344745459958321,1,0.240625,0.360561582641991,NA,1,NA,0.172786177105832,NA,0.203370786516854,0.641233766233766,NA,0.539629005059022,1,1
"Sample_2012_170_ZHO5933A32_2012",0,0,0.145081387119604,1,0.61884328358209,0.529866781263429,0.890247143236779,0.836265975180589,0.360837019394352,0.445186421814135,1,0.348445965212432,1,1,0,0.820159857904085,0,NA,0.933053271362174,0.547246083880748,NA,0.520747834017328,1,1
"Sample_2012_170_ZHO6678A45_2012",0,0,0.31724603442457,1,0.33156089193825,0.583436724565757,0.678949511400652,1,0.269723018147087,0.475224794337096,0.674875427253634,0,0.703722590515043,0.374418604651163,0.461214953271028,1,0.170316301703163,NA,0.662946876044103,0.572458543619322,0.764367816091954,0.441337993010484,1,1
"Sample_2012_187_ZHO5906A1_2012",0.216623925177251,0,0.942424634493466,0.633991377354209,0.709473684210526,0.843080819709878,0.39908890115958,1,0.874655225252835,0.723274909205748,0.100714702450408,0.105254061527826,0.478086985502416,0.594771241830065,0.472943093215408,0.636562272396213,0.473009613014543,0.632258064516129,0.229060235238208,0.651237544198007,0.627597672485453,0.703056768558952,0.897441601779755,1
"Sample_2012_187_ZHO6678A46_2012",0.208838932175246,0,0.933518005540166,0.632842990093065,0.704323383750502,0.835034881742386,0.394480251198149,1,0.884107121974038,0.670059469350412,0.111971030957114,0.0843023255813953,0.457374439137357,0.590487706569931,0.516988339364696,0.645848915482423,0.453932061423918,0.587015821058374,0.219321828115515,0.667249927092447,0.669594786058374,0.714221624046658,0.890913284132841,1
"Sample_2012_189_ZHO5933A33_2012",0.0424357754519505,0,1,0.0855614973262032,0.982016600061482,0.273787718114335,0,1,0,0.0185397772930777,1,0.636119257086999,0.743795464270432,0.515951595159516,1,0.116928446771379,0.962827988338192,0.136363636363636,0.890076335877863,0.949228028503563,0.09902130109384,0.870689655172414,1,1
"Sample_2012_201_ZHO5920A54_2012",0,0,1,1,1,1,0,1,1,1,NA,1,1,0,NA,NA,1,1,0,0,1,0,1,1
"Sample_2012_264_ZHO5933A11_2012",1,0,0,1,1,1,1,1,1,0,NA,0,1,0,1,1,1,0,1,0,1,1,1,1
"Sample_2012_264_ZHO6678A39_2012",1,0,0,1,1,1,1,1,1,0,NA,0,1,0,1,1,1,0,1,0,1,1,1,1
"Sample_2012_266_ZHO5933A34_2012",0.48555023923445,0,0.586728340152998,0.534627751669552,1,1,0.150123304562269,1,0,0,0.623013660440479,0.573940847322142,0.574672209785737,1,0.567535878435419,1,0.473064573671067,1,0.452141419948261,1,0,0.100707018451457,1,1
"Sample_2012_284_ZHO5933A21_2012",0.536336646443785,0,0.764787752261656,1,0.639842983316977,0.827098243331165,0,0.949325280739832,0.752077251291264,0.413489017718625,1,1,0.681588394754194,NA,0.668331092759746,1,0.562103505843072,0.824710424710425,0.750374438342486,0.701078908398561,NA,0.417483795911584,1,1
"Sample_2012_327_ZHO5933A18_2012",0,0,1,1,1,1,0,1,0,0,NA,1,0,1,1,1,1,0,1,0,0,0,1,1
"Sample_2012_327_ZHO6678A37_2012",0,0,1,1,1,1,0,1,0,0,NA,1,0,1,1,1,1,0,1,0,0,0,1,1
"Sample_2012_328_ZHO5933A20_2012",0.38692211578509,0,0.597090806383279,0.635030512797158,0.850308641975309,0.638180909545227,0.558862233019536,1,0.401510044492382,0.637186883809246,0.716705721538762,0.682284299858557,0.722190201729107,1,0.501586863529736,0.761834754483975,0.596442468037799,0.692556634304207,0.272527691847121,0.54969718560741,0.789703315881326,0.873414304993252,1,1
"Sample_2012_331_ZHO5933A19_2012",0,0,1,1,1,0,0.808797653958944,1,0,0.0661025067858854,0.850380218562723,0,1,1,0,0,1,0,1,0.134977016297534,1,1,1,1
"Sample_2012_346_ZHO5933A1_2012",0.384119542924114,0,1,1,0.887633396107972,0.874703691161531,0.159887798036466,1,0.545986540524725,0.334997919267582,0,0.435457516339869,0.402372160680318,0.407894736842105,1,0.697846567967699,0.805861426393359,0.235368156073002,0.860716238381629,0.528453364817001,NA,0.354227689904316,1,1
"Sample_2012_349_ZHO5933A35_2012",0,0,0,1,1,0,1,1,1,0,1,1,0,1,0,1,0,1,0,1,1,0,1,1
"Sample_2012_354_ZHO5933A15_2012",0.0658627087198516,0,1,0.824778582930757,0.650347537020248,0.646412411118294,0.168288494562106,1,0.245766156347378,0,0.792216280451575,0.761471957437375,0.264905242772168,0.14854517611026,0,1,0.660203139427516,0.885087719298246,0.306218332565638,0.901876852156734,0.644274809160305,0.132094175960347,1,1
"Sample_2012_356_ZHO5933A36_2012",0,0,0,0,1,0,1,1,1,0,1,1,0,0,NA,0,1,NA,0,0,NA,0,1,1
"Sample_2012_366_ZHO5933A37_2012",0.356078851128356,0,0.478672106824926,1,NA,0.42675976061556,NA,0.81502072172243,0.618364974815963,0.418372993912562,NA,NA,0.773272325654781,NA,0.499721396731055,NA,0.782260996001454,NA,0.614871044448509,0.603735487127713,NA,0.562156764852721,0.722131946701333,1
"Sample_2012_367_ZHO5933A38_2012",0.2117903930131,0,1,0.979788257940327,0.902860226659471,0.129287598944591,0,1,0.280523583841119,0,1,0.248903255599169,0.173812863153677,NA,1,1,0.772929292929293,NA,0.763100117096019,0.328105654147751,NA,0.57037037037037,1,1
"Sample_2012_382_ZHO6152A16_2012",0.593210907067334,0,0.968809980806142,1,0.291304347826087,0.953527062999113,0,0.95952403260564,0,0.0143025656148629,1,0.914177440927329,0.649037732989847,1,0.786562167097854,0.726768377253814,1,NA,0.589249613509335,0.297898640296663,NA,0.127939142461964,0.946535022354694,1
"Sample_2012_412_ZHO6152A20_2012",0,0,0,NA,1,0,0,1,0,0,0.87315465099613,1,1,NA,NA,NA,1,NA,0.148746758859118,0,NA,1,1,1
"Sample_2012_418_ZHO5933A12_2012",0.100520992951272,0,0.55959237926451,1,0.688857188143921,0.559548491131076,0.480971314967339,0.932988858388503,0.691134952004517,0.595037709039239,0.790312035661218,0.38563829787234,0.548023521724927,0.449927431059507,0.689566236811254,NA,0.533128415300546,NA,0.945222405271829,1,0.640936686903729,0.502154328241285,1,1
"Sample_2012_418_ZHO6678A41_2012",0.114496064991114,0,0.632972322503008,0.878698224852071,0.813256091327313,0.570601293311456,0.410590943975441,0.874940105414471,0.831985515992758,0.596211191019119,0.619745845552297,0.356115107913669,0.481297881928797,0.602450646698434,0.55966525467507,1,0.535369774919614,0.736517719568567,0.927949061662198,0.958031837916064,0.842453397474444,0.407327586206897,1,1
"Sample_2012_421_ZHO5933A24_2012",0.169261637239165,0,0.807794384690599,1,0.574766880125829,0.585886357685258,0.264426957223567,0.755254980807896,0.512949286065977,0.428021978021978,0.460652702233538,0.549133858267717,0.37581218054232,0.56453634085213,0.156996587030717,0.672213357647595,0.224020276857087,0.635327635327635,0.708931671137762,0.736028843677569,0.063452566096423,0.66956170470612,1,1
"Sample_2012_426_ZHO5933A39_2012",0.67007061379685,0,0,0.674672489082969,0.700357371941721,0.977669902912621,0,0.975599892154219,0.533289817232376,0.316963312749728,0.982895350645312,0,0.694659130234168,0.293198025233132,0.383815887156644,0.387787895018747,0.770219603642207,0.656462585034014,0.376313502409734,0.0316014997321907,0.657706845863083,0.49721673550009,1,1
"Sample_2012_430_ZHO5933A3_2012",0,0,1,1,0.123889437314906,0.924591381872214,0.136422553467272,1,1,0,0.857219378645399,0,0.950834879406308,0,1,1,1,1,1,0.33681917211329,0,0,1,1
"Sample_2012_430_ZHO6678A38_2012",0,0,1,1,0.114228456913828,0.83001696745334,0.0831178903826267,1,1,0,0.973760683760684,0,0.960628075931568,0,1,1,1,1,1,0.226298875200857,0,0,1,1
"Sample_2012_438_ZHO5933A40_2012",0,0,NA,0,1,NA,0,1,0.532494540917126,0,1,0,0.487981972959439,0.261904761904762,NA,NA,1,1,0,0,1,0,1,1
"Sample_2012_454_ZHO5933A41_2012",1,0,NA,1,1,0,1,1,0,0,0,1,1,NA,NA,1,0,NA,1,1,NA,1,1,1
"Sample_2012_472_ZHO5933A42_2012",0.0632790028763183,0,1,1,1,0.851474020921587,0,1,0.711019216735587,0.667215905970231,0.271702476153772,0.609409190371991,0.939533988060851,1,0.281024294156271,NA,1,NA,0.464098073555166,NA,NA,0.317460317460317,0.894368190179708,1
"Sample_2012_508_ZHO5933A43_2012",0,0,1,1,1,0.0407690525828121,0,0,0,0.637947081505119,0.231518928595107,0,1,NA,1,1,0,NA,1,1,NA,0,1,1
"Sample_2012_520_ZHO5933A14_2012",0.118731759087291,0,0.97566628041715,0.960180137473335,0.918530142539558,0.687136768694305,0.820803295571576,1,1,0.203817796182204,1,0.432260888597067,0.858793324775353,0.867040448538246,0.829540449273234,0.873501997336884,0.189801699716714,NA,1,0.853781512605042,0.203603603603604,0.278682170542636,0.981082558775287,1
"Sample_2012_573_ZHO5933A7_2012",1,0,0.948311888265699,1,1,1,0,1,1,0,0,0.892749658002736,1,0.875447387258411,0.0404510588081033,0,0.131251414347137,0,1,0.888297872340426,0,0,1,1
"Sample_2012_573_ZHO6678A34_2012",1,0,0.943631239203564,1,1,1,0,1,1,0,0,0.881584582441113,1,0.86340206185567,0.0540953545232274,0,0.177314503474557,0,1,0.857757461683248,0,0,1,1
"Sample_2012_59_ZHO5933A25_2012",0,0,0,0,1,0.97851168156908,0,1,1,1,1,0,1,1,1,1,1,1,0,0.98115551874094,0.0154983309489747,0,1,1
"Sample_2012_59_ZHO6678A42_2012",0,0,0,0.0206725107941908,1,1,0,1,1,1,1,0,1,1,1,1,1,1,0,1,0,0,1,1
"Sample_2012_590_ZHO5933A44_2012",0,NA,1,0.593631379164909,0.845381937333606,1,0.192234848484848,1,0,0,0.701900530667654,0,0,0,1,1,0.298733480176211,NA,0.716561204451233,0,0,0.645772594752187,1,1
"Sample_2012_61_ZHO5933A26_2012",0,0,0.073293488518402,0.869107845499076,0.941529525653437,0.92069474029166,0.0550918196994992,1,1,0.883166385958692,0.930697837317223,0.163568773234201,0.882186616399623,1,0.263838964773544,1,0.0929341317365269,0.172779922779923,0.956489192476841,0.92040879529266,0.136326194398682,0.0688415814210672,1,1
"Sample_2012_610_ZHO5933A2_2012",1,0,1,1,1,1,1,1,1,0,0,1,0.0382997243580444,1,1,1,0,NA,1,0,1,0.0524899057873486,1,1
"Sample_2012_624_ZHO5933A45_2012",1,0,0,0.0411003236245955,0.444644789037144,0,0.684310738766184,1,1,0,NA,1,1,NA,NA,NA,1,1,1,1,1,1,1,1
"Sample_2012_643_ZHO6152A22_2012",0.364582058499572,0,0.487923800884454,0.698399671727534,0.643871341640104,0.563165778961385,0.830140485312899,0.762455271125791,0.851169004676019,0.858684573415672,1,0.401064773735581,0.580516402644381,0.794252873563218,0.545125282033013,1,1,0.0988310308182784,0.884090909090909,0.533052631578947,0.168850072780204,0.787346711259755,1,1
"Sample_2012_663_ZHO5933A46_2012",0.442520687460216,0,0.683200304066895,0.565234685759745,1,0.667179301610277,1,1,0.510530137981118,0.449958545540685,0.525757256307541,0.489967335510966,1,0.532449599558133,1,1,1,0,0,0.548421904504991,0,1,1,1
"Sample_2012_692_ZHO5933A47_2012",0,0,1,0.0185889311364597,0.334423370394593,0.0190549761812798,1,1,1,0,NA,0.929511278195489,1,1,NA,1,0.605616815988973,0,0.4400265626297,0.665871754107048,1,0.0324909747292419,1,1
"Sample_2012_709_ZHO5933A48_2012",0,0,0.639275766016713,1,NA,0.75684787189212,0,0.662749517063748,0.55812831644959,0.376592592592593,0,0.488036303630363,1,1,1,1,1,NA,1,1,NA,1,0.818670248488919,1
"Sample_2012_744_ZHO5933A5_2012",0,0,0.0258814703675919,0,1,1,0,1,1,0,1,1,1,0,0.982546006450389,1,0.971883786316776,0,1,1,0,1,1,1
"Sample_2012_755_ZHO5933A6_2012",0.458441433650428,0,0.838209552388097,0.635418969710369,0.101010101010101,0.467076382791923,0,1,0.729556822147261,0.329357908685701,0.630708661417323,0.13810455689125,0.738889448755417,1,1,0.725981055480379,1,0.89,0.727060539752006,0.712311153969785,1,0.294764717865146,1,1
"Sample_2012_759_ZHO5933A22_2012",0,0,0,1,1,0,1,1,0,0,NA,1,0,1,0,1,0,0,1,1,1,0,1,1
"Sample_2012_759_ZHO6678A43_2012",0,0,0,1,1,0,1,1,0,0,NA,1,0,1,0,1,0,0,1,1,1,0,1,1
"Sample_2012_79_ZHO6152A17_2012",0.0383204633204633,0,1,1,NA,1,0,0.892963425170395,1,0.223022847100176,NA,0,1,NA,0,NA,0.210412815773259,0.785714285714286,1,1,NA,0,1,1
"Sample_2012_807_ZHO5933A4_2012",0,0,1,1,1,1,0,1,0,1,1,0,1,1,0,1,1,0,1,0,1,0,1,1
"Sample_2012_807_ZHO6678A40_2012",0,0,1,1,1,1,0,1,0,1,1,0,1,1,0,1,1,0,1,0,1,0,1,1
"Sample_2012_83_ZHO5933A13_2012",0,0,1,0.946024726103126,0.818350539380582,0.996288209606987,0.103024031275152,0.765478424015009,0.104541734860884,0.093668407310705,0.962603259656173,0.879633096218645,1,0.631267272009475,0.400516795865633,0.763563677898344,0.757399577167019,0.750902527075812,0.983453328280914,1,0.887636612021858,0.596515359926639,1,1
"Sample_2012_85_ZHO5933A28_2012",0.607244527338765,NA,1,1,0.497475133894415,0.377808988764045,0,0.795506349723217,0.0528082345043634,1,0.807414104882459,1,0.897464718371425,1,0.756998444790047,1,0.523119605425401,NA,0.230515683147262,1,0.690094078583287,0.740818030050084,1,1
"Sample_225_ZHO5553A32_2012",0.48282049577989,0,1,1,1,1,0,1,1,0.501183765501691,0.561834319526627,0.428277777777778,0.490077958894401,0.558401305057096,0,0,0,0,0.511194258725388,0,1,0.513873775843308,1,1
"Sample_246_ZHO5553A17_2012",0.0638037462750106,0,0.291333743085433,0.441643398484244,0.902373966391038,0.479466983702383,0.587645499596635,0.949396204715354,0.298032092037542,0.10833823995652,0.9214870101909,0.277280701754386,0.514443676572218,0.141809851088202,0.0702894270525694,0.772400574988021,0.131913303437967,0.766246362754607,0.73126368580914,0.842271293375394,0.180989583333333,0.309815950920245,1,1
"Sample_246_ZHO5553A34_2007",0.0382567540918951,0,0.667937718462027,0.972681281618887,0.538438468459462,0.968531468531469,0.427930898061453,1,1,0.0490044015929575,1,0.452299298519096,0.553566989808601,0.54550499445061,0.49382183908046,0.731468128064609,0.538502578694647,0.288313120176406,1,1,0.516292541636495,0.728142337861106,0.443253641110195,1
"Sample_247_ZHO5553A12_2007",1,0,1,1,1,1,0,1,0,0,1,1,0,1,0.0126006015771076,0,1,1,1,1,0,0,1,1
"Sample_265009_ZHO5553A1_2001",0.201090051248678,0,0.831210191082803,0.917273980697262,0.279290637081863,0.93133951137321,0.176527408838445,0.981479031617939,0.0943378741543879,0.786032028469751,0.353828177164478,0.984715496368039,0.847157502329916,0.269058295964126,0.226727633508757,0.902544200086244,0.832069339111593,0.812090530077427,0.139575380081709,0.927380570695736,0.884307885248472,0.721287490855889,1,1
"Sample_268008_ZHO5553A7_2001",0.0253303964757709,0,0.794911676480391,0.0861978253244476,0.961230476492508,0.213197486193106,0.895772829945144,1,0.798741082668905,0.904677684942368,0.990738824503311,0.0237859266600595,0.951194184839045,0.0865666494223142,0.220860462147325,0.8733395696913,0.0831571529245948,0.0635930047694754,0.956272310045895,0.243171021377672,0.815983881799866,0.0321979776476849,1,1
"Sample_270_ZHO5553A38_2012",0,0,0.910375226039783,1,1,0.913401715150496,0.863672601647622,1,1,0.0188904738039246,1,1,1,0.956795484151107,0,0.12023767913317,0.747081122062168,1,0.353343753960542,0.0737120211360634,1,0.187351778656126,1,1
"Sample_271012_ZHO5553A4_2001",0.551805719852481,0,0.979722159982075,0.468931016324381,1,0.311914696337506,0.612605771316988,1,0.384053264046768,0.401338171921071,0.443854734876407,0.396043656207367,0.145331263785638,0.376436257523254,0.69157413455258,1,0.358474473010844,0.624769433465086,0.974045327538032,0.435673789795028,0.38171394085697,0.361846394575564,0.945074415308292,1
"Sample_273_ZHO5553A42_2012",0,0,0.98007630351844,0.0593512767425811,1,1,0,1,1,0,1,0,0.856006160164271,1,1,1,0.153009769933817,0.978313253012048,0.184545629944048,1,0.975535168195719,1,0.984781764020205,1
"Sample_3_ZHO5553A21_2012",0.0362068965517241,0,1,1,0.826832706766917,0.730984016945889,0.616333605220228,1,0.113345668087845,0.488916368965833,0.615006699419384,0.404289583485836,0.418962568877066,0.361622464898596,0.910760167951369,0.535353535353535,0.314178971713218,0.301970756516211,0.577754250482655,0.82103134479272,0.230592105263158,0.532369299221357,1,1
"Sample_311_ZHO5553A37_2012",0,0,1,1,1,0.239374362461748,0,1,1,0,1,1,0.0161020623025949,1,0.238938053097345,0,0.201563996169805,0.986562635457304,0.259699579981491,1,0,1,1,0.0097123821142026
"Sample_326_ZHO5553A35_2012",0.125430196019752,0,0.668279806423229,0.92578125,0.390911579523679,0.72362664073894,0.296788842036977,0.955528355773154,0.864086854671592,0.670490392887869,0.678206950006459,0.647819063004846,0.906537581786265,0.274694783573807,0.943234836702955,0.85621521335807,0.467243604342215,0.233333333333333,0.678322200246296,0.146353015472056,0.766069546891465,0.488094199738334,0.938422299143742,1
"Sample_327018_ZHO5553A8_2001",0.832458722641751,0,0.157664904619628,0.917313432835821,0.983698183511877,0.889830508474576,0.0811681339918402,0.971779141104295,0.0372077146270695,0.808996702779086,0.198116581237335,0.120323841429369,0.123869057410758,0.89795185052102,0.0654175415926345,1,0.943157894736842,0.848572810836962,0.880938914027149,0.954745812518366,0.120421355039502,0.897904191616766,0.990857142857143,1
"Sample_335_ZHO5553A14_2007",0.617123448114313,0,0.676177250347178,1,1,0,1,1,1,0.323284823284823,NA,0.727258615336852,0.707883211678832,1,1,0.357317073170732,0,1,0,0.658628158844765,0,1,1,1
"Sample_342004_ZHO5553A2_2001",0.568402471315093,0,0.738706305887818,0.645645385149202,0.995553822152886,0.239705360312389,0.368637474994443,0.878422906487899,0.575745558375635,0.540733655901879,1,0.765579031826692,0.919689119170985,0.759347864611023,1,0.178330019880716,0.975759002118145,0.394817497910281,0.944394021903552,0.207281627657947,0.71280487804878,0.428665785997358,1,1
"Sample_342007_ZHO5553A5_2001",0.0632060071825008,0,0.618802670460764,0.263528048982294,0.73393242271747,0.398505494505494,0.4815625,0.279024501946416,0.285757484124584,0.42447388099562,0.85732820329277,0.302973513243378,0.129767170157723,0.101094234852197,0.989938914840101,0.954891304347826,0.227955971120843,0.4598388354562,0.278837582456766,0.812758906379453,0.392927012791573,0.907976235621287,1,1
"Sample_354011_ZHO5553A6_2001",0.847839318320146,0,1,0.973838209982788,0.166453071993969,0.13386524822695,0.0284218399401645,1,0.00848644640355936,0.151722551331455,0.880221653878943,0.025835396039604,0.140193370165746,0.128505443747938,1,0.873057976506252,0.972359783484971,0.864755285259195,0.138123603871929,1,0.848355403673644,0.160681278056509,1,1
"Sample_363_ZHO5553A13_2007",0,0,0.881104833647206,0.98240017599824,1,0.278725252617621,0.179256839526337,1,0.229314165270497,0,0.90478905359179,0.163527254542424,0.89736946990833,0.0732508209143723,0.0365873401327505,0.320900774102745,0.736713400717313,0.053948397185301,0.868890189194461,0.133834346018548,0.50059880239521,0.257110673049845,1,1
"Sample_373_ZHO5553A30_2012",0.667092212511048,0,0.978012440329813,0.728326434062685,0.975483477996041,0.329493252942865,0,1,0.725757257046697,0.992689362806593,1,0.0456537920767513,0.300576553491352,1,0.661690857811103,0.312053115423902,0.34466268146883,0.207109737248841,0.99015873015873,0.386047368906092,0,0.163636363636364,1,1
"Sample_392_ZHO5553A33_2012",0,0,1,0.954135015049448,0.746520774505849,0.376347397597783,0.56003937007874,1,0.4952174697708,0.25092036427049,1,0.580271668822768,0.794495412844037,0.95363991807857,0.451053283767038,0.789436548735007,1,NA,1,0,0.186295287112726,0.911124922311995,1,1
"Sample_448_ZHO5553A27_2012",0.303651320536874,0,1,1,1,1,0,1,1,0.654071314529005,0.72391275956641,1,0.647982323525991,0.40123298227588,0.393371452774248,1,0.468683425649766,0,0.612299303241442,0.946334519572954,1,0.564872325741891,1,1
"Sample_449_ZHO5553A41_2007",1,0,1,1,1,1,0.230808773132282,1,0,1,1,0,0,1,0,1,0,0,0,1,0,1,1,1
"Sample_452_ZHO5553A25_2007",0.982298424467099,0,0.977060751197378,0.588293118856122,1,0.192536189440214,0.95242562315733,0.610805473268444,1,0.454274633241527,0.513878856671138,0.579254759957949,0.439692616104243,0.582801276935355,0.606317840244921,1,0.462190352020861,0.434201266713582,0.1750167000668,0.986412593206297,0.843638790035587,0.830948338588407,1,1
"Sample_467_ZHO5553A18_2007",0.304854780580878,0,0.891004980955171,0.965219403100177,0.455059065228557,0.975783529768447,0.145082389289392,1,0.365055420738506,0,0.526056810556922,0.496705000646078,0.55219414893617,0.758790737564322,0.927804589776421,0.566537467700258,0.816829004329004,0.0588458618071374,1,0.346304591265398,0.461733400912316,0.540912216364887,1,1
"Sample_47_ZHO5553A26_2012",0.793359722110025,0,0.749281196089707,0.964580957810718,1,0.155684466260102,0.218265364732912,1,0.855343007915567,0.91061135371179,0.837552977916574,0.192599197503344,0.418386001566989,0.917186613726602,0.929086797329313,0.377463054187192,0.0949300436287047,0.0582120582120582,0.380163868675872,0.860786397449522,0.758609794628752,0.222360248447205,1,1
"Sample_488_ZHO5553A16_2007",0.428369095673111,0,0.350093691442848,0.918540175420909,0.97008547008547,0.69806750837413,0.226844076992637,0.894105894105894,0.447855609076664,0.138100134461758,0.875229357798165,0.284715212689257,0.698101103412882,0.59571814591561,0.553691275167785,0.885551948051948,0.648285782785903,0.668235294117647,0.913403172116703,0.935290918977705,0.299193930772878,0.37892095357591,1,1
"Sample_502_ZHO5553A28_2012",0,0,1,1,0,0,0,1,0,1,1,1,0,1,NA,0,1,1,1,1,1,1,1,1
"Sample_518_ZHO5553A22_2012",0,0,0.10725037631711,0.545020928647912,0.0158977300663771,0.0503322908522283,0.103579498156737,1,0.937834224598931,0.0436860974638162,0.954207181270031,0.907683318726264,0.0861105138679854,0.0597043951769739,0.938980063883688,1,1,1,0.979668874172185,1,0.835335797905114,0.58122692416927,0.945456385347096,1
"Sample_526_ZHO5553A23_2012",0,0,1,1,1,0,1,1,1,0,NA,0,1,1,1,1,0,0,1,1,0,1,1,1
"Sample_611_ZHO5553A39_2012",1,0,0.10980751604033,1,1,1,0.11745669141443,1,0.808270094471117,0,1,0.818577197887543,1,0.814814814814815,1,0.792478477571364,0.765249537892791,1,0.884292101341282,0.88963963963964,0,0.152049073348995,1,1
"Sample_612_ZHO5553A20_2012",0.127568299841951,0,1,0.147423303611909,1,1,1,1,0.958773886894946,0,0.00748394572932258,0.130997715156131,0.0551532033426184,0.970154494382023,0.862214199759326,0.11318656882366,0.96804170444243,0.137630662020906,0.239193297249203,0.0420984455958549,0.991686680214299,0.932150638032991,1,1
"Sample_74_ZHO5553A29_2012",0,0,0.967114738358137,1,0.944546167930944,0.764238729343815,0.413784135240572,0.404960444729527,0.981494174091844,0.924020442930153,0.840752804922186,0.290317654245571,0.767137096774194,0.83872088981578,1,1,0.177160735236605,0.251192368839428,0.506068407502758,0.634019124891336,0.3078545071165,0.465103294249023,0.853111153920247,1
"Sample_80_ZHO5553A24_2012",0.908820363452162,0,1,1,1,1,0.116666666666667,1,0.115549106460974,0.172019397932107,1,0.852311723965808,0.760902747492368,0.191698415881291,0.966488586692569,1,0.1610337972167,0.921410579345088,0.183580048748588,1,1,1,1,1
"Sample_86_ZHO5553A36_2012",0,0,1,0.493215876873228,0.984634681718407,1,1,0.0358810518554928,0.0608886450905101,0,1,0,1,0.0310484834010031,0.0127736259076695,0.216330858960764,1,0.811797752808989,0.552156908528399,1,0.586156111929308,0.814445574771109,1,1
